"Adminrole","Licenses","DisplayName","IsLicensed","UPN","Type"
"Power Platform Administrator","CCIBOTS_PRIVPREV_VIRAL;Power_Pages_vTrial_for_Makers;FLOW_FREE;DEVELOPERPACK_E5;","Amar Ambavaram","True","a.ambavaram-adm@lxmk.onmicrosoft.com","User"
"Power Platform Administrator","","test_no_license","False","test_no_license@lxmk.onmicrosoft.com","User"
"Helpdesk Administrator","","Test Roles 2","False","","Group"
"Exchange Administrator","","Test-Roles","False","","Group"
"Global Administrator","Power_Pages_vTrial_for_Makers;CCIBOTS_PRIVPREV_VIRAL;FLOW_FREE;DEVELOPERPACK_E5;","Christopher Wall","True","c.wall-adm@lxmk.onmicrosoft.com","User"
"Global Administrator","FLOW_FREE;","Lee Gu","True","LeeG@lxmk.onmicrosoft.com","User"
"Global Administrator","CCIBOTS_PRIVPREV_VIRAL;Power_Pages_vTrial_for_Makers;FLOW_FREE;DEVELOPERPACK_E5;","Adele Vance","True","AdeleV@lxmk.onmicrosoft.com","User"
"Global Administrator","FLOW_FREE;DEVELOPERPACK_E5;","Idlir Islamaj","True","i.islamaj@lxmk.onmicrosoft.com","User"
"Global Administrator","DEVELOPERPACK_E5;","Jan Kahl","True","j.kahl-adm@lxmk.onmicrosoft.com","User"
"Guest Inviter","","Test Role Assignment","False","","Group"
"SharePoint Administrator","Power_Pages_vTrial_for_Makers;CCIBOTS_PRIVPREV_VIRAL;FLOW_FREE;DEVELOPERPACK_E5;","Christopher Wall","True","c.wall-adm@lxmk.onmicrosoft.com","User"
