"ExtensionProperty","DeletionTimestamp","ObjectId","ObjectType","AccountEnabled","AgeGroup","AssignedLicenses","AssignedPlans","City","CompanyName","ConsentProvidedForMinor","Country","CreationType","Department","DirSyncEnabled","DisplayName","FacsimileTelephoneNumber","GivenName","IsCompromised","ImmutableId","JobTitle","LastDirSyncTime","LegalAgeGroupClassification","Mail","MailNickName","Mobile","OnPremisesSecurityIdentifier","OtherMails","PasswordPolicies","PasswordProfile","PhysicalDeliveryOfficeName","PostalCode","PreferredLanguage","ProvisionedPlans","ProvisioningErrors","ProxyAddresses","RefreshTokensValidFromDateTime","ShowInAddressList","SignInNames","SipProxyAddress","State","StreetAddress","Surname","TelephoneNumber","UsageLocation","UserPrincipalName","UserState","UserStateChangedOn","UserType"
"","","a9956c42-1bff-4cca-bcfe-e1cc42c6f2b6","Member","True",,"Microsoft.Graph.PowerShell.Models.IMicrosoftGraphAssignedLicense[]",,,,,,,,,"Amar Ambavaram",,"Amar","",,,,,"a.ambavaram-adm@lxmk.onmicrosoft.com","a.ambavaram-adm",,,"System.String[]","None","Microsoft.Graph.PowerShell.Models.MicrosoftGraphPasswordProfile",,,"en-US","Microsoft.Graph.PowerShell.Models.IMicrosoftGraphProvisionedPlan[]","","System.String[]",,,"","System.String[]",,,"Ambavaram","","DE","a.ambavaram-adm@lxmk.onmicrosoft.com",,,"Member"
"","","dfcdd32f-ee8d-486c-8c15-24f7d878a8ea","Member","True",,"Microsoft.Graph.PowerShell.Models.IMicrosoftGraphAssignedLicense[]",,"Bellevue",,,"United States",,"Retail",,"Adele Vance",,"Adele","",,"Retail Manager",,,"AdeleV@lxmk.onmicrosoft.com","AdeleV",,,"System.String[]",,"Microsoft.Graph.PowerShell.Models.MicrosoftGraphPasswordProfile","18/2111","98004","en-US","Microsoft.Graph.PowerShell.Models.IMicrosoftGraphProvisionedPlan[]","","System.String[]",,,"","System.String[]","WA","205 108th Ave. NE, Suite 400","Vance","","US","AdeleV@lxmk.onmicrosoft.com","WA",,"Member"
"","","6f0ca6e7-93b0-4ff1-9688-47ad4a06caad","Guest","True",,"Microsoft.Graph.PowerShell.Models.IMicrosoftGraphAssignedLicense[]",,,,,,"Invitation",,,"Alexandra Micheelsen",,"Alex","",,,,,"alexandra.micheelsen@crayon.com","alexandra.micheelsen_crayon.com#EXT#",,,"System.String[]",,"Microsoft.Graph.PowerShell.Models.MicrosoftGraphPasswordProfile",,,,"Microsoft.Graph.PowerShell.Models.IMicrosoftGraphProvisionedPlan[]","","System.String[]",,"False","","System.String[]",,,"Micheelsen","",,"alexandra.micheelsen_crayon.com#EXT#@lxmk.onmicrosoft.com",,,"Guest"
"","","68abcda9-e4c2-4b8b-90fe-a0a287d990ef","Member","True",,"Microsoft.Graph.PowerShell.Models.IMicrosoftGraphAssignedLicense[]",,"San Diego",,,"United States",,"Marketing",,"Alex Wilber",,"Alex","",,"Marketing Assistant",,,"AlexW@lxmk.onmicrosoft.com","AlexW",,,"System.String[]",,"Microsoft.Graph.PowerShell.Models.MicrosoftGraphPasswordProfile","131/1104","92121","en-US","Microsoft.Graph.PowerShell.Models.IMicrosoftGraphProvisionedPlan[]","","System.String[]",,,"","System.String[]","CA","9256 Towne Center Dr., Suite 400","Wilber","","US","AlexW@lxmk.onmicrosoft.com","CA",,"Member"
"","","c6351057-0d88-454e-abde-bdef47695180","Member","True",,"Microsoft.Graph.PowerShell.Models.IMicrosoftGraphAssignedLicense[]",,,,,,,,,"Christopher Wall",,"Christopher","",,,,,"c.wall-adm@lxmk.onmicrosoft.com","c.wall-adm",,,"System.String[]",,"Microsoft.Graph.PowerShell.Models.MicrosoftGraphPasswordProfile",,,"en-US","Microsoft.Graph.PowerShell.Models.IMicrosoftGraphProvisionedPlan[]","","System.String[]",,,"","System.String[]",,,"Wall","","IE","c.wall-adm@lxmk.onmicrosoft.com",,,"Member"
"","","e391e31b-e9a3-4a51-9db4-c4c771555486","Guest","True",,"Microsoft.Graph.PowerShell.Models.IMicrosoftGraphAssignedLicense[]",,,,,,"Invitation",,,"Test CW",,"Test","",,,,,"christophe.wall@crayon.com","christophe.wall_crayon.com#EXT#",,,"System.String[]",,"Microsoft.Graph.PowerShell.Models.MicrosoftGraphPasswordProfile",,,,"Microsoft.Graph.PowerShell.Models.IMicrosoftGraphProvisionedPlan[]","","System.String[]",,"False","","System.String[]",,,"CW","",,"christophe.wall_crayon.com#EXT#@lxmk.onmicrosoft.com",,,"Guest"
"","","aae32670-c77a-4eb3-8752-a765893e60ff","Guest","True",,"Microsoft.Graph.PowerShell.Models.IMicrosoftGraphAssignedLicense[]",,,,,,,,,"Christopher Wall",,,"",,,,,"christopher.wall@crayon.com","wallandall_hotmail.com#EXT#",,,"System.String[]",,"Microsoft.Graph.PowerShell.Models.MicrosoftGraphPasswordProfile",,,,"Microsoft.Graph.PowerShell.Models.IMicrosoftGraphProvisionedPlan[]","","System.String[]",,"False","","System.String[]",,,,"","IE","wallandall_hotmail.com#EXT#@lxmk.onmicrosoft.com",,,"Guest"
"","","d7160946-c62e-40d3-badd-b8f5988b96e0","Member","True",,"Microsoft.Graph.PowerShell.Models.IMicrosoftGraphAssignedLicense[]",,"Birmingham",,,"United States",,"HR",,"Diego Siciliani",,"Diego","",,"HR Manager",,,"DiegoS@lxmk.onmicrosoft.com","DiegoS",,,"System.String[]",,"Microsoft.Graph.PowerShell.Models.MicrosoftGraphPasswordProfile","14/1108","35243","en-US","Microsoft.Graph.PowerShell.Models.IMicrosoftGraphProvisionedPlan[]","","System.String[]",,,"","System.String[]","AL","3535 Gradview Parkway Suite 335","Siciliani","","US","DiegoS@lxmk.onmicrosoft.com","AL",,"Member"
"","","627cdaee-b8d5-4e80-a27b-dea10a745d84","Member","True",,"Microsoft.Graph.PowerShell.Models.IMicrosoftGraphAssignedLicense[]",,"Bloomington",,,"United States",,"R&D",,"Grady Archie",,"Grady","",,"Designer",,,"GradyA@lxmk.onmicrosoft.com","GradyA",,,"System.String[]",,"Microsoft.Graph.PowerShell.Models.MicrosoftGraphPasswordProfile","19/2109","61704","en-US","Microsoft.Graph.PowerShell.Models.IMicrosoftGraphProvisionedPlan[]","","System.String[]",,,"","System.String[]","IL","2203 E. Empire St., Suite J","Archie","","US","GradyA@lxmk.onmicrosoft.com","IL",,"Member"
"","","25553764-d2c1-46d8-ae33-1cd4297dc06c","Member","True",,"Microsoft.Graph.PowerShell.Models.IMicrosoftGraphAssignedLicense[]",,"Fort Lauderdale",,,"United States",,"R&D",,"Henrietta Mueller",,"Henrietta","",,"Developer",,,"HenriettaM@lxmk.onmicrosoft.com","HenriettaM",,,"System.String[]",,"Microsoft.Graph.PowerShell.Models.MicrosoftGraphPasswordProfile","18/1106","33309","en-US","Microsoft.Graph.PowerShell.Models.IMicrosoftGraphProvisionedPlan[]","","System.String[]",,,"","System.String[]","FL","6750 North Andrews Ave., Suite 400","Mueller","","US","HenriettaM@lxmk.onmicrosoft.com","FL",,"Member"
"","","f14565a2-b278-40cc-b362-f31754fc791a","Member","True",,"Microsoft.Graph.PowerShell.Models.IMicrosoftGraphAssignedLicense[]",,,,,,,,,"Idlir Islamaj",,"Idlir","",,,,,"i.islamaj@lxmk.onmicrosoft.com","i.islamaj",,,"System.String[]","None","Microsoft.Graph.PowerShell.Models.MicrosoftGraphPasswordProfile",,,"en-US","Microsoft.Graph.PowerShell.Models.IMicrosoftGraphProvisionedPlan[]","","System.String[]",,,"","System.String[]",,,"Islamaj","","IE","i.islamaj@lxmk.onmicrosoft.com",,,"Member"
"","","49d1e09a-4525-459d-8571-c4e01f4313cd","Guest","True",,"Microsoft.Graph.PowerShell.Models.IMicrosoftGraphAssignedLicense[]",,,,,,"Invitation",,,"Idlir Islamaj",,"idlir","",,,,,"idlirislamaj@lxcj.onmicrosoft.com","idlirislamaj_lxcj.onmicrosoft.com#EXT#",,,"System.String[]",,"Microsoft.Graph.PowerShell.Models.MicrosoftGraphPasswordProfile",,,,"Microsoft.Graph.PowerShell.Models.IMicrosoftGraphProvisionedPlan[]","","System.String[]",,"False","","System.String[]",,,"Crayon","",,"idlirislamaj_lxcj.onmicrosoft.com#EXT#@lxmk.onmicrosoft.com",,,"Guest"
"","","4ad9c5ec-c03e-4a28-b320-48f56c1b35f8","Member","True",,"Microsoft.Graph.PowerShell.Models.IMicrosoftGraphAssignedLicense[]",,,,,,,,,"iDLIR's Calendar",,,"",,,,,"iDLIRsCalendar@lxmk.onmicrosoft.com","iDLIRsCalendar",,,"System.String[]",,"Microsoft.Graph.PowerShell.Models.MicrosoftGraphPasswordProfile",,,,"Microsoft.Graph.PowerShell.Models.IMicrosoftGraphProvisionedPlan[]","","System.String[]",,,"","System.String[]",,,,"",,"iDLIRsCalendar@lxmk.onmicrosoft.com",,,"Member"
"","","66a0f4fb-e351-474d-9e20-e4929bdf7ece","Member","True",,"Microsoft.Graph.PowerShell.Models.IMicrosoftGraphAssignedLicense[]",,"Tulsa",,,"United States",,"Sales",,"Isaiah Langer",,"Isaiah","",,"Sales Rep",,,"IsaiahL@lxmk.onmicrosoft.com","IsaiahL",,,"System.String[]",,"Microsoft.Graph.PowerShell.Models.MicrosoftGraphPasswordProfile","20/1101","74133","en-US","Microsoft.Graph.PowerShell.Models.IMicrosoftGraphProvisionedPlan[]","","System.String[]",,,"","System.String[]","OK","7633 E. 63rd Place, Suite 300","Langer","","US","IsaiahL@lxmk.onmicrosoft.com","OK",,"Member"
"","","23daffca-0522-4bb6-99ec-b6e4ef40fbb5","Member","True",,"Microsoft.Graph.PowerShell.Models.IMicrosoftGraphAssignedLicense[]",,,,,,,,,"Jan Kahl",,"Jan","",,,,,"j.kahl-adm@lxmk.onmicrosoft.com","j.kahl-adm",,,"System.String[]","None","Microsoft.Graph.PowerShell.Models.MicrosoftGraphPasswordProfile",,,,"Microsoft.Graph.PowerShell.Models.IMicrosoftGraphProvisionedPlan[]","","System.String[]",,,"","System.String[]",,,"Kahl","","DE","j.kahl-adm@lxmk.onmicrosoft.com",,,"Member"
"","","048e608d-a37a-4e55-be06-8b0c19d820d2","Member","True",,"Microsoft.Graph.PowerShell.Models.IMicrosoftGraphAssignedLicense[]",,"Louisville",,,"United States",,"Engineering",,"Johanna Lorenz",,"Johanna","",,"Senior Engineer",,,"JohannaL@lxmk.onmicrosoft.com","JohannaL",,,"System.String[]",,"Microsoft.Graph.PowerShell.Models.MicrosoftGraphPasswordProfile","23/2102","40223","en-US","Microsoft.Graph.PowerShell.Models.IMicrosoftGraphProvisionedPlan[]","","System.String[]",,,"","System.String[]","KY","9900 Corporate Campus Dr., Suite 3000","Lorenz","","US","JohannaL@lxmk.onmicrosoft.com","KY",,"Member"
"","","cf7e9fd1-bb6d-4220-9b89-a6e0e30ce760","Member","True",,"Microsoft.Graph.PowerShell.Models.IMicrosoftGraphAssignedLicense[]",,"Charlotte",,,"United States",,"Legal",,"Joni Sherman",,"Joni","",,"Paralegal",,,"JoniS@lxmk.onmicrosoft.com","JoniS",,,"System.String[]",,"Microsoft.Graph.PowerShell.Models.MicrosoftGraphPasswordProfile","20/1109","28273","en-US","Microsoft.Graph.PowerShell.Models.IMicrosoftGraphProvisionedPlan[]","","System.String[]",,,"","System.String[]","NC","8055 Microsoft Way","Sherman","","US","JoniS@lxmk.onmicrosoft.com","NC",,"Member"
"","","f08e543e-11a0-47c0-8840-f56ec0ea27fa","Member","True",,"Microsoft.Graph.PowerShell.Models.IMicrosoftGraphAssignedLicense[]",,"Overland Park",,,"United States",,"Manufacturing",,"Lee Gu",,"Lee","",,"Director",,,"LeeG@lxmk.onmicrosoft.com","LeeG",,,"System.String[]",,"Microsoft.Graph.PowerShell.Models.MicrosoftGraphPasswordProfile","23/3101","66210","en-US","Microsoft.Graph.PowerShell.Models.IMicrosoftGraphProvisionedPlan[]","","System.String[]",,,"","System.String[]","KS","10801 Mastin Blvd., Suite 620","Gu","","US","LeeG@lxmk.onmicrosoft.com","KS",,"Member"
"","","69fd344f-7415-4dea-9672-3a9653e7c4f7","Member","True",,"Microsoft.Graph.PowerShell.Models.IMicrosoftGraphAssignedLicense[]",,"Tulsa",,,"United States",,"Engineering",,"Lidia Holloway",,"Lidia","",,"Product Manager",,,"LidiaH@lxmk.onmicrosoft.com","LidiaH",,,"System.String[]",,"Microsoft.Graph.PowerShell.Models.MicrosoftGraphPasswordProfile","20/2107","74133","en-US","Microsoft.Graph.PowerShell.Models.IMicrosoftGraphProvisionedPlan[]","","System.String[]",,,"","System.String[]","OK","7633 E. 63rd Place, Suite 300","Holloway","","US","LidiaH@lxmk.onmicrosoft.com","OK",,"Member"
"","","0fe94e03-66c5-4486-a1ad-95cd37c174b9","Member","True",,"Microsoft.Graph.PowerShell.Models.IMicrosoftGraphAssignedLicense[]",,"Tulsa",,,"United States",,"Retail",,"Lynne Robbins",,"Lynne","",,"Planner",,,"LynneR@lxmk.onmicrosoft.com","LynneR",,,"System.String[]",,"Microsoft.Graph.PowerShell.Models.MicrosoftGraphPasswordProfile","20/1104","74133","en-US","Microsoft.Graph.PowerShell.Models.IMicrosoftGraphProvisionedPlan[]","","System.String[]",,,"","System.String[]","OK","7633 E. 63rd Place, Suite 300","Robbins","","US","LynneR@lxmk.onmicrosoft.com","OK",,"Member"
"","","2609daf1-eec7-49e7-89da-38224216bf78","Guest","True",,"Microsoft.Graph.PowerShell.Models.IMicrosoftGraphAssignedLicense[]",,,,,,"Invitation",,,"Magnus Hofshagen",,"Magnus","",,,,,"magnus.hofshagen@crayon.com","magnus.hofshagen_crayon.com#EXT#",,,"System.String[]",,"Microsoft.Graph.PowerShell.Models.MicrosoftGraphPasswordProfile",,,,"Microsoft.Graph.PowerShell.Models.IMicrosoftGraphProvisionedPlan[]","","System.String[]",,"False","","System.String[]",,,"Hofshagen","","DE","magnus.hofshagen_crayon.com#EXT#@lxmk.onmicrosoft.com",,,"Guest"
"","","1e4e8fe3-a8d7-4c55-ae98-b104d13cf34f","Member","True",,"Microsoft.Graph.PowerShell.Models.IMicrosoftGraphAssignedLicense[]",,"Pittsburgh",,,"United States",,"Marketing",,"Megan Bowen",,"Megan","",,"Marketing Manager",,,"MeganB@lxmk.onmicrosoft.com","MeganB",,,"System.String[]",,"Microsoft.Graph.PowerShell.Models.MicrosoftGraphPasswordProfile","12/1110","15212","en-US","Microsoft.Graph.PowerShell.Models.IMicrosoftGraphProvisionedPlan[]","","System.String[]",,,"","System.String[]","PA","30 Isabella St., Second Floor","Bowen","","US","MeganB@lxmk.onmicrosoft.com","PA",,"Member"
"","","5cbd82b5-1371-4ad1-b15b-28c41648d9d3","Member","True",,"Microsoft.Graph.PowerShell.Models.IMicrosoftGraphAssignedLicense[]",,"San Diego",,,"United States",,"Sales & Marketing",,"Miriam Graham",,"Miriam","",,"Director",,,"MiriamG@lxmk.onmicrosoft.com","MiriamG",,,"System.String[]",,"Microsoft.Graph.PowerShell.Models.MicrosoftGraphPasswordProfile","131/2103","92121","en-US","Microsoft.Graph.PowerShell.Models.IMicrosoftGraphProvisionedPlan[]","","System.String[]",,,"","System.String[]","CA","9255 Towne Center Dr., Suite 400","Graham","","US","MiriamG@lxmk.onmicrosoft.com","CA",,"Member"
"","","3a6f6600-169c-4311-8521-26b649822d89","Member","True",,"Microsoft.Graph.PowerShell.Models.IMicrosoftGraphAssignedLicense[]",,"Seattle",,,"United States",,"Operations",,"Nestor Wilke",,"Nestor","",,"Director",,,"NestorW@lxmk.onmicrosoft.com","NestorW",,,"System.String[]",,"Microsoft.Graph.PowerShell.Models.MicrosoftGraphPasswordProfile","36/2121","98109","en-US","Microsoft.Graph.PowerShell.Models.IMicrosoftGraphProvisionedPlan[]","","System.String[]",,,"","System.String[]","WA","320 Westlake Ave N. Thomas St.","Wilke","","US","NestorW@lxmk.onmicrosoft.com","WA",,"Member"
"","","13dd25e5-eed4-413f-9adb-87b64f9b6d97","Member","True",,"Microsoft.Graph.PowerShell.Models.IMicrosoftGraphAssignedLicense[]",,"Louisville",,,"United States",,"Executive Management",,"Patti Fernandez",,"Patti","",,"President",,,"PattiF@lxmk.onmicrosoft.com","PattiF",,,"System.String[]",,"Microsoft.Graph.PowerShell.Models.MicrosoftGraphPasswordProfile","15/1102","40223","en-US","Microsoft.Graph.PowerShell.Models.IMicrosoftGraphProvisionedPlan[]","","System.String[]",,,"","System.String[]","KY","9900 Corporate Campus Dr., Suite 3000","Fernandez","","US","PattiF@lxmk.onmicrosoft.com","KY",,"Member"
"","","17d21852-0d4d-4235-8255-5a25492f4793","Member","True",,"Microsoft.Graph.PowerShell.Models.IMicrosoftGraphAssignedLicense[]",,"Cairo",,,"Egypt",,"Finance",,"Pradeep Gupta",,"Pradeep","",,"Accountant",,,"PradeepG@lxmk.onmicrosoft.com","PradeepG",,,"System.String[]",,"Microsoft.Graph.PowerShell.Models.MicrosoftGraphPasswordProfile","98/2202",,"en-US","Microsoft.Graph.PowerShell.Models.IMicrosoftGraphProvisionedPlan[]","","System.String[]",,,"","System.String[]",,"Smart Village, Kilo 28, Cairo/Alex Desert Road","Gupta","","US","PradeepG@lxmk.onmicrosoft.com",,,"Member"
"","","02976fbf-912b-4485-bc8d-0f9af6257b2f","Member","True",,"Microsoft.Graph.PowerShell.Models.IMicrosoftGraphAssignedLicense[]",,,,,,,,,"test-sharedmailbox1",,,"",,,,,"test-sharedmailbox1@lxmk.onmicrosoft.com","test-sharedmailbox1",,,"System.String[]",,"Microsoft.Graph.PowerShell.Models.MicrosoftGraphPasswordProfile",,,,"Microsoft.Graph.PowerShell.Models.IMicrosoftGraphProvisionedPlan[]","","System.String[]",,,"","System.String[]",,,,"",,"test-sharedmailbox1@lxmk.onmicrosoft.com",,,"Member"
"","","a0596cf0-edfc-4495-920b-13c05a7cf224","Member","True",,"Microsoft.Graph.PowerShell.Models.IMicrosoftGraphAssignedLicense[]",,,,,,,,,"test-sharedmailbox2",,,"",,,,,"test-sharedmailbox2@lxmk.onmicrosoft.com","test-sharedmailbox2",,,"System.String[]",,"Microsoft.Graph.PowerShell.Models.MicrosoftGraphPasswordProfile",,,,"Microsoft.Graph.PowerShell.Models.IMicrosoftGraphProvisionedPlan[]","","System.String[]",,,"","System.String[]",,,,"",,"test-sharedmailbox2@lxmk.onmicrosoft.com",,,"Member"
"","","a6c742dc-cd9f-4647-894a-f3579ec223fe","Member","True",,"Microsoft.Graph.PowerShell.Models.IMicrosoftGraphAssignedLicense[]",,,,,,,,,"test user",,"test","",,,,,"test-user@lxmk.onmicrosoft.com","test-user",,,"System.String[]","None","Microsoft.Graph.PowerShell.Models.MicrosoftGraphPasswordProfile",,,,"Microsoft.Graph.PowerShell.Models.IMicrosoftGraphProvisionedPlan[]","","System.String[]",,,"","System.String[]",,,"user","","IE","test-user@lxmk.onmicrosoft.com",,,"Member"
"","","e395fe64-a16e-45ab-9d9e-91331af80553","Member","True",,"Microsoft.Graph.PowerShell.Models.IMicrosoftGraphAssignedLicense[]",,,,,,,,,"test_no_license",,"Test","",,,,,,"test_no_license",,,"System.String[]",,"Microsoft.Graph.PowerShell.Models.MicrosoftGraphPasswordProfile",,,,"Microsoft.Graph.PowerShell.Models.IMicrosoftGraphProvisionedPlan[]","","System.String[]",,,"","System.String[]",,,"No-License","",,"test_no_license@lxmk.onmicrosoft.com",,,"Member"
