"licenses","UserPrincipalName"
"lxmk:DEVELOPERPACK_E5","LynneR@lxmk.onmicrosoft.com"
"lxmk:DEVELOPERPACK_E5","PradeepG@lxmk.onmicrosoft.com"
"lxmk:DEVELOPERPACK_E5","MeganB@lxmk.onmicrosoft.com"
"lxmk:DEVELOPERPACK_E5","j.kahl-adm@lxmk.onmicrosoft.com"
"lxmk:FLOW_FREE CCIBOTS_PRIVPREV_VIRAL Power_Pages_vTrial_for_Makers DEVELOPERPACK_E5","HenriettaM@lxmk.onmicrosoft.com"
"lxmk:FLOW_FREE DEVELOPERPACK_E5","magnus.hofshagen_crayon.com#EXT#@lxmk.onmicrosoft.com"
"lxmk:DEVELOPERPACK_E5","NestorW@lxmk.onmicrosoft.com"
"lxmk:DEVELOPERPACK_E5","MiriamG@lxmk.onmicrosoft.com"
"lxmk:FLOW_FREE CCIBOTS_PRIVPREV_VIRAL Power_Pages_vTrial_for_Makers DEVELOPERPACK_E5","GradyA@lxmk.onmicrosoft.com"
"lxmk:DEVELOPERPACK_E5","IsaiahL@lxmk.onmicrosoft.com"
"lxmk:FLOW_FREE CCIBOTS_PRIVPREV_VIRAL Power_Pages_vTrial_for_Makers DEVELOPERPACK_E5","AlexW@lxmk.onmicrosoft.com"
"lxmk:FLOW_FREE DEVELOPERPACK_E5","LidiaH@lxmk.onmicrosoft.com"
"lxmk:DEVELOPERPACK_E5","test-user@lxmk.onmicrosoft.com"
"lxmk:CCIBOTS_PRIVPREV_VIRAL Power_Pages_vTrial_for_Makers FLOW_FREE DEVELOPERPACK_E5","a.ambavaram-adm@lxmk.onmicrosoft.com"
"lxmk:FLOW_FREE DEVELOPERPACK_E5 CCIBOTS_PRIVPREV_VIRAL Power_Pages_vTrial_for_Makers","wallandall_hotmail.com#EXT#@lxmk.onmicrosoft.com"
"lxmk:Power_Pages_vTrial_for_Makers CCIBOTS_PRIVPREV_VIRAL FLOW_FREE DEVELOPERPACK_E5","c.wall-adm@lxmk.onmicrosoft.com"
"lxmk:FLOW_FREE CCIBOTS_PRIVPREV_VIRAL Power_Pages_vTrial_for_Makers DEVELOPERPACK_E5","DiegoS@lxmk.onmicrosoft.com"
"lxmk:CCIBOTS_PRIVPREV_VIRAL Power_Pages_vTrial_for_Makers FLOW_FREE DEVELOPERPACK_E5","AdeleV@lxmk.onmicrosoft.com"
"lxmk:FLOW_FREE","LeeG@lxmk.onmicrosoft.com"
"lxmk:FLOW_FREE DEVELOPERPACK_E5","i.islamaj@lxmk.onmicrosoft.com"
