"AppDisplayName","AppId","AppliedConditionalAccessPolicies","ClientAppUsed","ConditionalAccessStatus","CorrelationId","CreatedDateTime","DeviceDetail","IPAddress","Id","IsInteractive","Location","ResourceDisplayName","ResourceId","RiskDetail","RiskEventTypes","RiskEventTypesV2","RiskLevelAggregated","RiskLevelDuringSignIn","RiskState","Status","UserDisplayName","UserId","UserPrincipalName","AdditionalProperties"
"Microsoft Flow Portal","6204c1d1-4712-4c46-a7d9-3ed63d992682","Microsoft.Graph.PowerShell.Models.IMicrosoftGraphAppliedConditionalAccessPolicy[]","Browser","notApplied","2981f211-506d-4b06-a8b5-39abee5ee6db","4/11/2023 6:49:14 AM","Microsoft.Graph.PowerShell.Models.MicrosoftGraphDeviceDetail","80.187.74.229","98a50140-2a1c-4950-8a8a-46a475864501","True","Microsoft.Graph.PowerShell.Models.MicrosoftGraphSignInLocation","Microsoft Flow Service","7df0a125-d3be-4c96-aa54-591f83ff541c","none","System.String[]","System.String[]","none","none","none","Microsoft.Graph.PowerShell.Models.MicrosoftGraphSignInStatus","Christopher Wall","c6351057-0d88-454e-abde-bdef47695180","c.wall-adm@lxmk.onmicrosoft.com","System.Collections.Generic.Dictionary`2[System.String,System.Object]"
"Microsoft Flow Portal","6204c1d1-4712-4c46-a7d9-3ed63d992682","Microsoft.Graph.PowerShell.Models.IMicrosoftGraphAppliedConditionalAccessPolicy[]","Browser","notApplied","806927da-3487-4e97-b9ee-032a3288c930","3/27/2023 8:34:21 AM","Microsoft.Graph.PowerShell.Models.MicrosoftGraphDeviceDetail","80.187.72.251","3a6bb180-af55-4d30-acda-72f43ae35000","True","Microsoft.Graph.PowerShell.Models.MicrosoftGraphSignInLocation","Microsoft Flow Service","7df0a125-d3be-4c96-aa54-591f83ff541c","none","System.String[]","System.String[]","none","none","none","Microsoft.Graph.PowerShell.Models.MicrosoftGraphSignInStatus","Christopher Wall","c6351057-0d88-454e-abde-bdef47695180","c.wall-adm@lxmk.onmicrosoft.com","System.Collections.Generic.Dictionary`2[System.String,System.Object]"
"Microsoft Flow Portal","6204c1d1-4712-4c46-a7d9-3ed63d992682","Microsoft.Graph.PowerShell.Models.IMicrosoftGraphAppliedConditionalAccessPolicy[]","Browser","notApplied","d7f08f28-4c8e-479c-a1c9-b22dfc2b4c80","3/23/2023 2:15:54 PM","Microsoft.Graph.PowerShell.Models.MicrosoftGraphDeviceDetail","80.187.74.119","bdf5ee68-2a33-456a-9caa-77f304110100","True","Microsoft.Graph.PowerShell.Models.MicrosoftGraphSignInLocation","Microsoft Flow Service","7df0a125-d3be-4c96-aa54-591f83ff541c","none","System.String[]","System.String[]","none","none","none","Microsoft.Graph.PowerShell.Models.MicrosoftGraphSignInStatus","Christopher Wall","c6351057-0d88-454e-abde-bdef47695180","c.wall-adm@lxmk.onmicrosoft.com","System.Collections.Generic.Dictionary`2[System.String,System.Object]"
"Microsoft Flow Portal","6204c1d1-4712-4c46-a7d9-3ed63d992682","Microsoft.Graph.PowerShell.Models.IMicrosoftGraphAppliedConditionalAccessPolicy[]","Browser","notApplied","58603c36-8600-429a-9787-749526522288","3/23/2023 2:15:40 PM","Microsoft.Graph.PowerShell.Models.MicrosoftGraphDeviceDetail","80.187.74.119","5966161f-1f85-4a00-824c-8dc0c7820200","True","Microsoft.Graph.PowerShell.Models.MicrosoftGraphSignInLocation","Microsoft Flow Service","7df0a125-d3be-4c96-aa54-591f83ff541c","none","System.String[]","System.String[]","none","none","none","Microsoft.Graph.PowerShell.Models.MicrosoftGraphSignInStatus","Christopher Wall","c6351057-0d88-454e-abde-bdef47695180","c.wall-adm@lxmk.onmicrosoft.com","System.Collections.Generic.Dictionary`2[System.String,System.Object]"
