﻿Report Refresh Date,User Principal Name,Display Name,Is Deleted,Deleted Date,Last Activity Date,Send Count,Receive Count,Read Count,Meeting Created Count,Meeting Interacted Count,Assigned Products,Report Period
2023-04-18,MeganB@lxmk.onmicrosoft.com,Megan Bowen,False,,,0,2,0,0,0,MICROSOFT 365 E5 DEVELOPER (WITHOUT WINDOWS AND AUDIO CONFERENCING),180
2023-04-18,magnus.hofshagen_crayon.com#EXT#@lxmk.onmicrosoft.com,Magnus Hofshagen,False,,,0,0,0,0,0,MICROSOFT POWER AUTOMATE FREE+MICROSOFT 365 E5 DEVELOPER (WITHOUT WINDOWS AND AUDIO CONFERENCING),180
2023-04-18,LynneR@lxmk.onmicrosoft.com,Lynne Robbins,False,,,0,0,0,0,0,MICROSOFT 365 E5 DEVELOPER (WITHOUT WINDOWS AND AUDIO CONFERENCING),180
2023-04-18,PattiF@lxmk.onmicrosoft.com,Patti Fernandez,False,,2022-01-24,0,0,0,0,0,,180
2023-04-18,LidiaH@lxmk.onmicrosoft.com,Lidia Holloway,False,,2023-03-30,1,9,9,0,0,MICROSOFT 365 E5 DEVELOPER (WITHOUT WINDOWS AND AUDIO CONFERENCING)+MICROSOFT POWER AUTOMATE FREE,180
2023-04-18,c.wall-adm@lxmk.onmicrosoft.com,Christopher Wall,False,,2023-02-16,2,141,13,0,0,MICROSOFT 365 E5 DEVELOPER (WITHOUT WINDOWS AND AUDIO CONFERENCING)+MICROSOFT POWER AUTOMATE FREE+POWER VIRTUAL AGENTS VIRAL TRIAL+POWER PAGES VTRIAL FOR MAKERS,180
2023-04-18,a.ambavaram-adm@lxmk.onmicrosoft.com,Amar Ambavaram,False,,,0,1,0,0,0,MICROSOFT POWER AUTOMATE FREE+MICROSOFT 365 E5 DEVELOPER (WITHOUT WINDOWS AND AUDIO CONFERENCING)+POWER VIRTUAL AGENTS VIRAL TRIAL+POWER PAGES VTRIAL FOR MAKERS,180
2023-04-18,GradyA@lxmk.onmicrosoft.com,Grady Archie,False,,,0,1,0,0,0,MICROSOFT 365 E5 DEVELOPER (WITHOUT WINDOWS AND AUDIO CONFERENCING)+POWER VIRTUAL AGENTS VIRAL TRIAL+POWER PAGES VTRIAL FOR MAKERS+MICROSOFT POWER AUTOMATE FREE,180
2023-04-18,NestorW@lxmk.onmicrosoft.com,Nestor Wilke,False,,2022-01-24,0,0,0,0,0,MICROSOFT 365 E5 DEVELOPER (WITHOUT WINDOWS AND AUDIO CONFERENCING),180
2023-04-18,PradeepG@lxmk.onmicrosoft.com,Pradeep Gupta,False,,,0,0,0,0,0,MICROSOFT 365 E5 DEVELOPER (WITHOUT WINDOWS AND AUDIO CONFERENCING),180
2023-04-18,MiriamG@lxmk.onmicrosoft.com,Miriam Graham,False,,2022-01-24,0,0,0,0,0,MICROSOFT 365 E5 DEVELOPER (WITHOUT WINDOWS AND AUDIO CONFERENCING),180
2023-04-18,IsaiahL@lxmk.onmicrosoft.com,Isaiah Langer,False,,2022-01-24,0,1,0,0,0,MICROSOFT 365 E5 DEVELOPER (WITHOUT WINDOWS AND AUDIO CONFERENCING),180
2023-04-18,AlexW@lxmk.onmicrosoft.com,Alex Wilber,False,,2022-01-24,0,2,0,0,0,MICROSOFT 365 E5 DEVELOPER (WITHOUT WINDOWS AND AUDIO CONFERENCING)+POWER VIRTUAL AGENTS VIRAL TRIAL+POWER PAGES VTRIAL FOR MAKERS+MICROSOFT POWER AUTOMATE FREE,180
2023-04-18,test-user@lxmk.onmicrosoft.com,test user,False,,,0,5,0,0,0,MICROSOFT 365 E5 DEVELOPER (WITHOUT WINDOWS AND AUDIO CONFERENCING),180
2023-04-18,HenriettaM@lxmk.onmicrosoft.com,Henrietta Mueller,False,,,0,1,0,0,0,MICROSOFT 365 E5 DEVELOPER (WITHOUT WINDOWS AND AUDIO CONFERENCING)+POWER PAGES VTRIAL FOR MAKERS+MICROSOFT POWER AUTOMATE FREE+POWER VIRTUAL AGENTS VIRAL TRIAL,180
2023-04-18,i.islamaj@lxmk.onmicrosoft.com,Idlir Islamaj,False,,2023-03-30,4,102,11,0,0,MICROSOFT 365 E5 DEVELOPER (WITHOUT WINDOWS AND AUDIO CONFERENCING)+MICROSOFT POWER AUTOMATE FREE,180
2023-04-18,j.kahl-adm@lxmk.onmicrosoft.com,Jan Kahl,False,,,0,78,0,0,0,MICROSOFT 365 E5 DEVELOPER (WITHOUT WINDOWS AND AUDIO CONFERENCING),180
2023-04-18,wallandall_hotmail.com#EXT#@lxmk.onmicrosoft.com,Christopher Wall,False,,,0,0,0,0,0,MICROSOFT POWER AUTOMATE FREE+POWER PAGES VTRIAL FOR MAKERS+POWER VIRTUAL AGENTS VIRAL TRIAL+MICROSOFT 365 E5 DEVELOPER (WITHOUT WINDOWS AND AUDIO CONFERENCING),180
2023-04-18,AdeleV@lxmk.onmicrosoft.com,Adele Vance,False,,2023-02-25,0,80,0,0,0,MICROSOFT 365 E5 DEVELOPER (WITHOUT WINDOWS AND AUDIO CONFERENCING)+MICROSOFT POWER AUTOMATE FREE+POWER PAGES VTRIAL FOR MAKERS+POWER VIRTUAL AGENTS VIRAL TRIAL,180
2023-04-18,DiegoS@lxmk.onmicrosoft.com,Diego Siciliani,False,,2022-01-24,0,1,0,0,0,MICROSOFT 365 E5 DEVELOPER (WITHOUT WINDOWS AND AUDIO CONFERENCING)+POWER VIRTUAL AGENTS VIRAL TRIAL+POWER PAGES VTRIAL FOR MAKERS+MICROSOFT POWER AUTOMATE FREE,180
