﻿Report Refresh Date,User Principal Name,Last Activation Date,Last Activity Date,Report Period,Windows,Mac,Mobile,Web,Outlook,Word,Excel,PowerPoint,OneNote,Teams,Outlook (Windows),Word (Windows),Excel (Windows),PowerPoint (Windows),OneNote (Windows),Teams (Windows),Outlook (Mac),Word (Mac),Excel (Mac),PowerPoint (Mac),OneNote (Mac),Teams (Mac),Outlook (Mobile),Word (Mobile),Excel (Mobile),PowerPoint (Mobile),OneNote (Mobile),Teams (Mobile),Outlook (Web),Word (Web),Excel (Web),PowerPoint (Web),OneNote (Web),Teams (Web)
2023-04-18,LynneR@lxmk.onmicrosoft.com,,,180,No,No,No,No,No,No,No,No,No,No,No,No,No,No,No,No,No,No,No,No,No,No,No,No,No,No,No,No,No,No,No,No,No,No
2023-04-18,PattiF@lxmk.onmicrosoft.com,,,180,No,No,No,No,No,No,No,No,No,No,No,No,No,No,No,No,No,No,No,No,No,No,No,No,No,No,No,No,No,No,No,No,No,No
2023-04-18,PradeepG@lxmk.onmicrosoft.com,,,180,No,No,No,No,No,No,No,No,No,No,No,No,No,No,No,No,No,No,No,No,No,No,No,No,No,No,No,No,No,No,No,No,No,No
2023-04-18,MeganB@lxmk.onmicrosoft.com,,,180,No,No,No,No,No,No,No,No,No,No,No,No,No,No,No,No,No,No,No,No,No,No,No,No,No,No,No,No,No,No,No,No,No,No
2023-04-18,j.kahl-adm@lxmk.onmicrosoft.com,,,180,No,No,No,No,No,No,No,No,No,No,No,No,No,No,No,No,No,No,No,No,No,No,No,No,No,No,No,No,No,No,No,No,No,No
2023-04-18,HenriettaM@lxmk.onmicrosoft.com,,,180,No,No,No,No,No,No,No,No,No,No,No,No,No,No,No,No,No,No,No,No,No,No,No,No,No,No,No,No,No,No,No,No,No,No
2023-04-18,magnus.hofshagen_crayon.com#EXT#@lxmk.onmicrosoft.com,,,180,No,No,No,No,No,No,No,No,No,No,No,No,No,No,No,No,No,No,No,No,No,No,No,No,No,No,No,No,No,No,No,No,No,No
2023-04-18,NestorW@lxmk.onmicrosoft.com,,,180,No,No,No,No,No,No,No,No,No,No,No,No,No,No,No,No,No,No,No,No,No,No,No,No,No,No,No,No,No,No,No,No,No,No
2023-04-18,MiriamG@lxmk.onmicrosoft.com,,,180,No,No,No,No,No,No,No,No,No,No,No,No,No,No,No,No,No,No,No,No,No,No,No,No,No,No,No,No,No,No,No,No,No,No
2023-04-18,GradyA@lxmk.onmicrosoft.com,,,180,No,No,No,No,No,No,No,No,No,No,No,No,No,No,No,No,No,No,No,No,No,No,No,No,No,No,No,No,No,No,No,No,No,No
2023-04-18,IsaiahL@lxmk.onmicrosoft.com,,,180,No,No,No,No,No,No,No,No,No,No,No,No,No,No,No,No,No,No,No,No,No,No,No,No,No,No,No,No,No,No,No,No,No,No
2023-04-18,AlexW@lxmk.onmicrosoft.com,,,180,No,No,No,No,No,No,No,No,No,No,No,No,No,No,No,No,No,No,No,No,No,No,No,No,No,No,No,No,No,No,No,No,No,No
2023-04-18,LidiaH@lxmk.onmicrosoft.com,,2023-03-30,180,No,No,No,Yes,Yes,No,No,No,No,Yes,No,No,No,No,No,No,No,No,No,No,No,No,No,No,No,No,No,No,Yes,No,No,No,No,Yes
2023-04-18,test-user@lxmk.onmicrosoft.com,,,180,No,No,No,No,No,No,No,No,No,No,No,No,No,No,No,No,No,No,No,No,No,No,No,No,No,No,No,No,No,No,No,No,No,No
2023-04-18,a.ambavaram-adm@lxmk.onmicrosoft.com,,,180,No,No,No,No,No,No,No,No,No,No,No,No,No,No,No,No,No,No,No,No,No,No,No,No,No,No,No,No,No,No,No,No,No,No
2023-04-18,wallandall_hotmail.com#EXT#@lxmk.onmicrosoft.com,,,180,No,No,No,No,No,No,No,No,No,No,No,No,No,No,No,No,No,No,No,No,No,No,No,No,No,No,No,No,No,No,No,No,No,No
2023-04-18,c.wall-adm@lxmk.onmicrosoft.com,2023-03-29,2023-04-17,180,No,No,No,Yes,Yes,Yes,Yes,No,Yes,Yes,No,No,No,No,No,No,No,No,No,No,No,No,No,No,No,No,No,No,Yes,Yes,Yes,No,Yes,Yes
2023-04-18,DiegoS@lxmk.onmicrosoft.com,,,180,No,No,No,No,No,No,No,No,No,No,No,No,No,No,No,No,No,No,No,No,No,No,No,No,No,No,No,No,No,No,No,No,No,No
2023-04-18,AdeleV@lxmk.onmicrosoft.com,,2022-08-29,180,No,No,No,No,No,No,No,No,No,No,No,No,No,No,No,No,No,No,No,No,No,No,No,No,No,No,No,No,No,No,No,No,No,No
2023-04-18,i.islamaj@lxmk.onmicrosoft.com,,2023-03-30,180,No,No,No,Yes,Yes,No,Yes,No,No,Yes,No,No,No,No,No,No,No,No,No,No,No,No,No,No,No,No,No,No,Yes,No,Yes,No,No,Yes
