﻿Report Refresh Date,User Principal Name,Display Name,Is Deleted,Deleted Date,Created Date,Last Activity Date,Item Count,Storage Used (Byte),Issue Warning Quota (Byte),Prohibit Send Quota (Byte),Prohibit Send/Receive Quota (Byte),Deleted Item Count,Deleted Item Size (Byte),Deleted Item Quota (Byte),Has Archive,Report Period
2023-04-18,c.wall-adm@lxmk.onmicrosoft.com,Christopher Wall,False,,2022-01-24,2023-02-16,588,68176780,105226698752,106300440576,107374182400,991,10243058,32212254720,False,180
2023-04-18,i.islamaj@lxmk.onmicrosoft.com,Idlir Islamaj,False,,2022-05-16,2023-03-30,431,44068853,105226698752,106300440576,107374182400,381,2040457,32212254720,False,180
2023-04-18,AdeleV@lxmk.onmicrosoft.com,Adele Vance,False,,2022-01-24,2023-02-25,549,42688404,105226698752,106300440576,107374182400,71,4407066,32212254720,False,180
2023-04-18,j.kahl-adm@lxmk.onmicrosoft.com,Jan Kahl,False,,2022-06-13,,135,29384809,105226698752,106300440576,107374182400,0,0,32212254720,False,180
2023-04-18,test-sharedmailbox1@lxmk.onmicrosoft.com,test-sharedmailbox1,False,,2023-02-10,,5,735572,52613349376,53150220288,53687091200,0,0,32212254720,False,180
2023-04-18,test-sharedmailbox2@lxmk.onmicrosoft.com,test-sharedmailbox2,False,,2023-02-10,,3,105975,52613349376,53150220288,53687091200,0,0,32212254720,False,180
2023-04-18,MiriamG@lxmk.onmicrosoft.com,Miriam Graham,False,,2022-01-24,2022-01-24,78,4338132,105226698752,106300440576,107374182400,0,0,32212254720,False,180
2023-04-18,PradeepG@lxmk.onmicrosoft.com,Pradeep Gupta,False,,2022-01-24,,16,1612382,105226698752,106300440576,107374182400,0,0,32212254720,False,180
2023-04-18,test-user@lxmk.onmicrosoft.com,test user,False,,2022-03-17,,15,2649036,105226698752,106300440576,107374182400,2,9470,32212254720,False,180
2023-04-18,NestorW@lxmk.onmicrosoft.com,Nestor Wilke,False,,2022-01-24,2022-01-24,40,3279075,105226698752,106300440576,107374182400,0,0,32212254720,False,180
2023-04-18,AlexW@lxmk.onmicrosoft.com,Alex Wilber,False,,2022-01-24,2022-01-24,43,6132074,105226698752,106300440576,107374182400,0,0,32212254720,False,180
2023-04-18,LidiaH@lxmk.onmicrosoft.com,Lidia Holloway,False,,2022-01-24,2023-03-30,125,8796844,105226698752,106300440576,107374182400,87,414464,32212254720,False,180
2023-04-18,GradyA@lxmk.onmicrosoft.com,Grady Archie,False,,2022-01-24,,37,5473738,105226698752,106300440576,107374182400,0,0,32212254720,False,180
2023-04-18,LynneR@lxmk.onmicrosoft.com,Lynne Robbins,False,,2022-01-24,,60,3396116,105226698752,106300440576,107374182400,2,11559,32212254720,False,180
2023-04-18,HenriettaM@lxmk.onmicrosoft.com,Henrietta Mueller,False,,2022-01-24,,34,5572141,105226698752,106300440576,107374182400,0,0,32212254720,False,180
2023-04-18,MeganB@lxmk.onmicrosoft.com,Megan Bowen,False,,2022-01-24,,98,4534034,105226698752,106300440576,107374182400,1,5249,32212254720,False,180
2023-04-18,PattiF@lxmk.onmicrosoft.com,Patti Fernandez,True,2023-03-20,2022-01-24,2022-01-24,25,1560538,105226698752,106300440576,107374182400,0,0,32212254720,False,180
2023-04-18,a.ambavaram-adm@lxmk.onmicrosoft.com,Amar Ambavaram,False,,2022-06-14,,24,5354868,105226698752,106300440576,107374182400,0,0,32212254720,False,180
2023-04-18,IsaiahL@lxmk.onmicrosoft.com,Isaiah Langer,False,,2022-01-24,2022-01-24,21,1243894,105226698752,106300440576,107374182400,0,0,32212254720,False,180
2023-04-18,DiegoS@lxmk.onmicrosoft.com,Diego Siciliani,False,,2022-01-24,2022-01-24,45,6492193,105226698752,106300440576,107374182400,0,0,32212254720,False,180
