﻿Report Refresh Date,User Principal Name,Is Deleted,Deleted Date,Last Activity Date,Viewed Or Edited File Count,Synced File Count,Shared Internally File Count,Shared Externally File Count,Assigned Products,Report Period
2023-04-18,MeganB@lxmk.onmicrosoft.com,False,,,0,0,0,0,MICROSOFT 365 E5 DEVELOPER (WITHOUT WINDOWS AND AUDIO CONFERENCING),180
2023-04-18,magnus.hofshagen_crayon.com#EXT#@lxmk.onmicrosoft.com,False,,,0,0,0,0,MICROSOFT POWER AUTOMATE FREE+MICROSOFT 365 E5 DEVELOPER (WITHOUT WINDOWS AND AUDIO CONFERENCING),180
2023-04-18,LynneR@lxmk.onmicrosoft.com,False,,,0,0,0,0,MICROSOFT 365 E5 DEVELOPER (WITHOUT WINDOWS AND AUDIO CONFERENCING),180
2023-04-18,PattiF@lxmk.onmicrosoft.com,False,,,0,0,0,0,,180
2023-04-18,LidiaH@lxmk.onmicrosoft.com,False,,,0,0,0,0,MICROSOFT 365 E5 DEVELOPER (WITHOUT WINDOWS AND AUDIO CONFERENCING)+MICROSOFT POWER AUTOMATE FREE,180
2023-04-18,c.wall-adm@lxmk.onmicrosoft.com,False,,2023-04-06,226,0,2,0,MICROSOFT 365 E5 DEVELOPER (WITHOUT WINDOWS AND AUDIO CONFERENCING)+MICROSOFT POWER AUTOMATE FREE+POWER VIRTUAL AGENTS VIRAL TRIAL+POWER PAGES VTRIAL FOR MAKERS,180
2023-04-18,a.ambavaram-adm@lxmk.onmicrosoft.com,False,,,0,0,0,0,MICROSOFT POWER AUTOMATE FREE+MICROSOFT 365 E5 DEVELOPER (WITHOUT WINDOWS AND AUDIO CONFERENCING)+POWER VIRTUAL AGENTS VIRAL TRIAL+POWER PAGES VTRIAL FOR MAKERS,180
2023-04-18,GradyA@lxmk.onmicrosoft.com,False,,,0,0,0,0,MICROSOFT 365 E5 DEVELOPER (WITHOUT WINDOWS AND AUDIO CONFERENCING)+POWER VIRTUAL AGENTS VIRAL TRIAL+POWER PAGES VTRIAL FOR MAKERS+MICROSOFT POWER AUTOMATE FREE,180
2023-04-18,NestorW@lxmk.onmicrosoft.com,False,,,0,0,0,0,MICROSOFT 365 E5 DEVELOPER (WITHOUT WINDOWS AND AUDIO CONFERENCING),180
2023-04-18,PradeepG@lxmk.onmicrosoft.com,False,,,0,0,0,0,MICROSOFT 365 E5 DEVELOPER (WITHOUT WINDOWS AND AUDIO CONFERENCING),180
2023-04-18,MiriamG@lxmk.onmicrosoft.com,False,,,0,0,0,0,MICROSOFT 365 E5 DEVELOPER (WITHOUT WINDOWS AND AUDIO CONFERENCING),180
2023-04-18,IsaiahL@lxmk.onmicrosoft.com,False,,,0,0,0,0,MICROSOFT 365 E5 DEVELOPER (WITHOUT WINDOWS AND AUDIO CONFERENCING),180
2023-04-18,AlexW@lxmk.onmicrosoft.com,False,,,0,0,0,0,MICROSOFT 365 E5 DEVELOPER (WITHOUT WINDOWS AND AUDIO CONFERENCING)+POWER VIRTUAL AGENTS VIRAL TRIAL+POWER PAGES VTRIAL FOR MAKERS+MICROSOFT POWER AUTOMATE FREE,180
2023-04-18,test-user@lxmk.onmicrosoft.com,False,,,0,0,0,0,MICROSOFT 365 E5 DEVELOPER (WITHOUT WINDOWS AND AUDIO CONFERENCING),180
2023-04-18,HenriettaM@lxmk.onmicrosoft.com,False,,,0,0,0,0,MICROSOFT 365 E5 DEVELOPER (WITHOUT WINDOWS AND AUDIO CONFERENCING)+POWER PAGES VTRIAL FOR MAKERS+MICROSOFT POWER AUTOMATE FREE+POWER VIRTUAL AGENTS VIRAL TRIAL,180
2023-04-18,i.islamaj@lxmk.onmicrosoft.com,False,,2022-06-07,0,0,0,0,MICROSOFT 365 E5 DEVELOPER (WITHOUT WINDOWS AND AUDIO CONFERENCING)+MICROSOFT POWER AUTOMATE FREE,180
2023-04-18,j.kahl-adm@lxmk.onmicrosoft.com,False,,,0,0,0,0,MICROSOFT 365 E5 DEVELOPER (WITHOUT WINDOWS AND AUDIO CONFERENCING),180
2023-04-18,wallandall_hotmail.com#EXT#@lxmk.onmicrosoft.com,False,,,0,0,0,0,MICROSOFT POWER AUTOMATE FREE+POWER PAGES VTRIAL FOR MAKERS+POWER VIRTUAL AGENTS VIRAL TRIAL+MICROSOFT 365 E5 DEVELOPER (WITHOUT WINDOWS AND AUDIO CONFERENCING),180
2023-04-18,AdeleV@lxmk.onmicrosoft.com,False,,,0,0,0,0,MICROSOFT 365 E5 DEVELOPER (WITHOUT WINDOWS AND AUDIO CONFERENCING)+MICROSOFT POWER AUTOMATE FREE+POWER PAGES VTRIAL FOR MAKERS+POWER VIRTUAL AGENTS VIRAL TRIAL,180
2023-04-18,DiegoS@lxmk.onmicrosoft.com,False,,,0,0,0,0,MICROSOFT 365 E5 DEVELOPER (WITHOUT WINDOWS AND AUDIO CONFERENCING)+POWER VIRTUAL AGENTS VIRAL TRIAL+POWER PAGES VTRIAL FOR MAKERS+MICROSOFT POWER AUTOMATE FREE,180
