﻿Report Refresh Date,User Principal Name,Display Name,Product Type,Last Activated Date,Windows,Mac,Windows 10 Mobile,iOS,Android,Activated On Shared Computer
2023-04-18,MeganB@lxmk.onmicrosoft.com,Megan Bowen,MICROSOFT 365 APPS FOR ENTERPRISE,,0,0,0,0,0,False
2023-04-18,MeganB@lxmk.onmicrosoft.com,Megan Bowen,MICROSOFT EXCEL ADVANCED ANALYTICS,,0,0,0,0,0,False
2023-04-18,magnus.hofshagen_crayon.com#EXT#@lxmk.onmicrosoft.com,Magnus Hofshagen,MICROSOFT 365 APPS FOR ENTERPRISE,,0,0,0,0,0,False
2023-04-18,magnus.hofshagen_crayon.com#EXT#@lxmk.onmicrosoft.com,Magnus Hofshagen,MICROSOFT EXCEL ADVANCED ANALYTICS,,0,0,0,0,0,False
2023-04-18,LynneR@lxmk.onmicrosoft.com,Lynne Robbins,MICROSOFT 365 APPS FOR ENTERPRISE,,0,0,0,0,0,False
2023-04-18,LynneR@lxmk.onmicrosoft.com,Lynne Robbins,MICROSOFT EXCEL ADVANCED ANALYTICS,,0,0,0,0,0,False
2023-04-18,LidiaH@lxmk.onmicrosoft.com,Lidia Holloway,MICROSOFT 365 APPS FOR ENTERPRISE,,0,0,0,0,0,False
2023-04-18,LidiaH@lxmk.onmicrosoft.com,Lidia Holloway,MICROSOFT EXCEL ADVANCED ANALYTICS,,0,0,0,0,0,False
2023-04-18,c.wall-adm@lxmk.onmicrosoft.com,Christopher Wall,MICROSOFT 365 APPS FOR ENTERPRISE,2023-03-29,2,0,0,0,0,False
2023-04-18,c.wall-adm@lxmk.onmicrosoft.com,Christopher Wall,MICROSOFT EXCEL ADVANCED ANALYTICS,,0,0,0,0,0,False
2023-04-18,a.ambavaram-adm@lxmk.onmicrosoft.com,Amar Ambavaram,MICROSOFT 365 APPS FOR ENTERPRISE,,0,0,0,0,0,False
2023-04-18,a.ambavaram-adm@lxmk.onmicrosoft.com,Amar Ambavaram,MICROSOFT EXCEL ADVANCED ANALYTICS,,0,0,0,0,0,False
2023-04-18,GradyA@lxmk.onmicrosoft.com,Grady Archie,MICROSOFT 365 APPS FOR ENTERPRISE,,0,0,0,0,0,False
2023-04-18,GradyA@lxmk.onmicrosoft.com,Grady Archie,MICROSOFT EXCEL ADVANCED ANALYTICS,,0,0,0,0,0,False
2023-04-18,NestorW@lxmk.onmicrosoft.com,Nestor Wilke,MICROSOFT 365 APPS FOR ENTERPRISE,,0,0,0,0,0,False
2023-04-18,NestorW@lxmk.onmicrosoft.com,Nestor Wilke,MICROSOFT EXCEL ADVANCED ANALYTICS,,0,0,0,0,0,False
2023-04-18,PradeepG@lxmk.onmicrosoft.com,Pradeep Gupta,MICROSOFT 365 APPS FOR ENTERPRISE,,0,0,0,0,0,False
2023-04-18,PradeepG@lxmk.onmicrosoft.com,Pradeep Gupta,MICROSOFT EXCEL ADVANCED ANALYTICS,,0,0,0,0,0,False
2023-04-18,MiriamG@lxmk.onmicrosoft.com,Miriam Graham,MICROSOFT 365 APPS FOR ENTERPRISE,,0,0,0,0,0,False
2023-04-18,MiriamG@lxmk.onmicrosoft.com,Miriam Graham,MICROSOFT EXCEL ADVANCED ANALYTICS,,0,0,0,0,0,False
2023-04-18,IsaiahL@lxmk.onmicrosoft.com,Isaiah Langer,MICROSOFT 365 APPS FOR ENTERPRISE,,0,0,0,0,0,False
2023-04-18,IsaiahL@lxmk.onmicrosoft.com,Isaiah Langer,MICROSOFT EXCEL ADVANCED ANALYTICS,,0,0,0,0,0,False
2023-04-18,AlexW@lxmk.onmicrosoft.com,Alex Wilber,MICROSOFT 365 APPS FOR ENTERPRISE,,0,0,0,0,0,False
2023-04-18,AlexW@lxmk.onmicrosoft.com,Alex Wilber,MICROSOFT EXCEL ADVANCED ANALYTICS,,0,0,0,0,0,False
2023-04-18,test-user@lxmk.onmicrosoft.com,test user,MICROSOFT 365 APPS FOR ENTERPRISE,,0,0,0,0,0,False
2023-04-18,test-user@lxmk.onmicrosoft.com,test user,MICROSOFT EXCEL ADVANCED ANALYTICS,,0,0,0,0,0,False
2023-04-18,HenriettaM@lxmk.onmicrosoft.com,Henrietta Mueller,MICROSOFT 365 APPS FOR ENTERPRISE,,0,0,0,0,0,False
2023-04-18,HenriettaM@lxmk.onmicrosoft.com,Henrietta Mueller,MICROSOFT EXCEL ADVANCED ANALYTICS,,0,0,0,0,0,False
2023-04-18,i.islamaj@lxmk.onmicrosoft.com,Idlir Islamaj,MICROSOFT 365 APPS FOR ENTERPRISE,,0,0,0,0,0,False
2023-04-18,i.islamaj@lxmk.onmicrosoft.com,Idlir Islamaj,MICROSOFT EXCEL ADVANCED ANALYTICS,,0,0,0,0,0,False
2023-04-18,j.kahl-adm@lxmk.onmicrosoft.com,Jan Kahl,MICROSOFT 365 APPS FOR ENTERPRISE,,0,0,0,0,0,False
2023-04-18,j.kahl-adm@lxmk.onmicrosoft.com,Jan Kahl,MICROSOFT EXCEL ADVANCED ANALYTICS,,0,0,0,0,0,False
2023-04-18,wallandall_hotmail.com#EXT#@lxmk.onmicrosoft.com,Christopher Wall,MICROSOFT 365 APPS FOR ENTERPRISE,,0,0,0,0,0,False
2023-04-18,wallandall_hotmail.com#EXT#@lxmk.onmicrosoft.com,Christopher Wall,MICROSOFT EXCEL ADVANCED ANALYTICS,,0,0,0,0,0,False
2023-04-18,AdeleV@lxmk.onmicrosoft.com,Adele Vance,MICROSOFT 365 APPS FOR ENTERPRISE,,0,0,0,0,0,False
2023-04-18,AdeleV@lxmk.onmicrosoft.com,Adele Vance,MICROSOFT EXCEL ADVANCED ANALYTICS,,0,0,0,0,0,False
2023-04-18,DiegoS@lxmk.onmicrosoft.com,Diego Siciliani,MICROSOFT 365 APPS FOR ENTERPRISE,,0,0,0,0,0,False
2023-04-18,DiegoS@lxmk.onmicrosoft.com,Diego Siciliani,MICROSOFT EXCEL ADVANCED ANALYTICS,,0,0,0,0,0,False
