﻿Report Refresh Date,Site URL,Owner Display Name,Is Deleted,Last Activity Date,File Count,Active File Count,Storage Used (Byte),Storage Allocated (Byte),Owner Principal Name,Report Period
2023-04-18,https://lxmk-my.sharepoint.com/personal/miriamg_lxmk_onmicrosoft_com,Miriam Graham,False,,0,0,1703292,1099511627776,MiriamG@lxmk.onmicrosoft.com,180
2023-04-18,https://lxmk-my.sharepoint.com/personal/lidiah_lxmk_onmicrosoft_com,Lidia Holloway,False,,2,0,1736865,1099511627776,LidiaH@lxmk.onmicrosoft.com,180
2023-04-18,https://lxmk-my.sharepoint.com/personal/pradeepg_lxmk_onmicrosoft_com,Pradeep Gupta,False,,0,0,1702871,1099511627776,PradeepG@lxmk.onmicrosoft.com,180
2023-04-18,https://lxmk-my.sharepoint.com/personal/i_islamaj_lxmk_onmicrosoft_com,Idlir Islamaj,False,2022-06-07,1,0,11999458,1099511627776,i.islamaj@lxmk.onmicrosoft.com,180
2023-04-18,https://lxmk-my.sharepoint.com/personal/nestorw_lxmk_onmicrosoft_com,Nestor Wilke,False,,0,0,1703350,1099511627776,NestorW@lxmk.onmicrosoft.com,180
2023-04-18,https://lxmk-my.sharepoint.com/personal/gradya_lxmk_onmicrosoft_com,Grady Archie,False,,0,0,1703165,1099511627776,GradyA@lxmk.onmicrosoft.com,180
2023-04-18,https://lxmk-my.sharepoint.com/personal/pattif_lxmk_onmicrosoft_com,Patti Fernandez,False,,0,0,1727706,1099511627776,PattiF@lxmk.onmicrosoft.com,180
2023-04-18,https://lxmk-my.sharepoint.com/personal/adelev_lxmk_onmicrosoft_com,Adele Vance,False,,0,0,6158496,1099511627776,AdeleV@lxmk.onmicrosoft.com,180
2023-04-18,https://lxmk-my.sharepoint.com/personal/isaiahl_lxmk_onmicrosoft_com,Isaiah Langer,False,,0,0,1702455,1099511627776,IsaiahL@lxmk.onmicrosoft.com,180
2023-04-18,https://lxmk-my.sharepoint.com/personal/lynner_lxmk_onmicrosoft_com,Lynne Robbins,False,,0,0,1702483,1099511627776,LynneR@lxmk.onmicrosoft.com,180
2023-04-18,https://lxmk-my.sharepoint.com/personal/alexw_lxmk_onmicrosoft_com,Alex Wilber,False,,0,0,1728306,1099511627776,AlexW@lxmk.onmicrosoft.com,180
2023-04-18,https://lxmk-my.sharepoint.com/personal/t_gust_adm_lxmk_onmicrosoft_com,Thorsten Gust,True,,0,0,1703822,1099511627776,t.gust_adm@lxmk.onmicrosoft.com,180
2023-04-18,https://lxmk-my.sharepoint.com/personal/c_wall-adm_lxmk_onmicrosoft_com,Christopher Wall,False,2023-04-06,2,228,32004638,1099511627776,c.wall-adm@lxmk.onmicrosoft.com,180
2023-04-18,https://lxmk-my.sharepoint.com/personal/diegos_lxmk_onmicrosoft_com,Diego Siciliani,False,,0,0,1857569,1099511627776,DiegoS@lxmk.onmicrosoft.com,180
2023-04-18,https://lxmk-my.sharepoint.com/personal/henriettam_lxmk_onmicrosoft_com,Henrietta Mueller,False,,0,0,1702489,1099511627776,HenriettaM@lxmk.onmicrosoft.com,180
2023-04-18,https://lxmk-my.sharepoint.com/personal/meganb_lxmk_onmicrosoft_com,Megan Bowen,False,,0,0,1728478,1099511627776,MeganB@lxmk.onmicrosoft.com,180
