﻿Report Refresh Date,User Principal Name,Display Name,Is Deleted,Deleted Date,Has Exchange License,Has OneDrive License,Has SharePoint License,Has Skype For Business License,Has Yammer License,Has Teams License,Exchange Last Activity Date,OneDrive Last Activity Date,SharePoint Last Activity Date,Skype For Business Last Activity Date,Yammer Last Activity Date,Teams Last Activity Date,Exchange License Assign Date,OneDrive License Assign Date,SharePoint License Assign Date,Skype For Business License Assign Date,Yammer License Assign Date,Teams License Assign Date,Assigned Products
2023-04-18,LeeG@lxmk.onmicrosoft.com,Lee Gu,False,,False,False,False,False,False,False,2022-04-21,,2022-04-21,,,2022-04-21,,,,,,,MICROSOFT POWER AUTOMATE FREE
2023-04-18,MeganB@lxmk.onmicrosoft.com,Megan Bowen,False,,True,True,True,True,True,True,,,,,,,2022-01-24,2022-01-24,2022-01-24,2022-01-24,2022-01-24,2022-01-24,MICROSOFT 365 E5 DEVELOPER (WITHOUT WINDOWS AND AUDIO CONFERENCING)
2023-04-18,magnus.hofshagen_crayon.com#EXT#@lxmk.onmicrosoft.com,Magnus Hofshagen,False,,True,True,True,True,True,True,,,,,,,2023-03-07,2023-03-07,2023-03-07,2023-03-07,2023-03-07,2023-03-07,MICROSOFT POWER AUTOMATE FREE+MICROSOFT 365 E5 DEVELOPER (WITHOUT WINDOWS AND AUDIO CONFERENCING)
2023-04-18,LynneR@lxmk.onmicrosoft.com,Lynne Robbins,False,,True,True,True,True,True,True,,,,,,,2022-01-24,2022-01-24,2022-01-24,2022-01-24,2022-01-24,2022-01-24,MICROSOFT 365 E5 DEVELOPER (WITHOUT WINDOWS AND AUDIO CONFERENCING)
2023-04-18,PattiF@lxmk.onmicrosoft.com,Patti Fernandez,False,,False,False,False,False,False,False,2022-01-24,,,,,,,,,,,,
2023-04-18,LidiaH@lxmk.onmicrosoft.com,Lidia Holloway,False,,True,True,True,True,True,True,2023-03-30,,2023-03-30,,,2023-03-30,2022-01-24,2022-01-24,2022-01-24,2022-01-24,2022-01-24,2022-01-24,MICROSOFT 365 E5 DEVELOPER (WITHOUT WINDOWS AND AUDIO CONFERENCING)+MICROSOFT POWER AUTOMATE FREE
2023-04-18,c.wall-adm@lxmk.onmicrosoft.com,Christopher Wall,False,,True,True,True,True,True,True,2023-02-16,2023-04-06,2023-04-17,,2022-03-07,2023-04-06,2022-01-24,2022-01-24,2022-01-24,2022-01-24,2022-01-24,2022-01-24,MICROSOFT 365 E5 DEVELOPER (WITHOUT WINDOWS AND AUDIO CONFERENCING)+MICROSOFT POWER AUTOMATE FREE+POWER VIRTUAL AGENTS VIRAL TRIAL+POWER PAGES VTRIAL FOR MAKERS
2023-04-18,a.ambavaram-adm@lxmk.onmicrosoft.com,Amar Ambavaram,False,,True,True,True,True,True,True,,,,,,,2022-06-14,2022-06-14,2022-06-14,2022-06-14,2022-06-14,2022-06-14,MICROSOFT POWER AUTOMATE FREE+MICROSOFT 365 E5 DEVELOPER (WITHOUT WINDOWS AND AUDIO CONFERENCING)+POWER VIRTUAL AGENTS VIRAL TRIAL+POWER PAGES VTRIAL FOR MAKERS
2023-04-18,GradyA@lxmk.onmicrosoft.com,Grady Archie,False,,True,True,True,True,True,True,,,,,,,2022-01-24,2022-01-24,2022-01-24,2022-01-24,2022-01-24,2022-01-24,MICROSOFT 365 E5 DEVELOPER (WITHOUT WINDOWS AND AUDIO CONFERENCING)+POWER VIRTUAL AGENTS VIRAL TRIAL+POWER PAGES VTRIAL FOR MAKERS+MICROSOFT POWER AUTOMATE FREE
2023-04-18,NestorW@lxmk.onmicrosoft.com,Nestor Wilke,False,,True,True,True,True,True,True,2022-01-24,,,,,,2022-01-24,2022-01-24,2022-01-24,2022-01-24,2022-01-24,2022-01-24,MICROSOFT 365 E5 DEVELOPER (WITHOUT WINDOWS AND AUDIO CONFERENCING)
2023-04-18,PradeepG@lxmk.onmicrosoft.com,Pradeep Gupta,False,,True,True,True,True,True,True,,,,,,,2022-01-24,2022-01-24,2022-01-24,2022-01-24,2022-01-24,2022-01-24,MICROSOFT 365 E5 DEVELOPER (WITHOUT WINDOWS AND AUDIO CONFERENCING)
2023-04-18,MiriamG@lxmk.onmicrosoft.com,Miriam Graham,False,,True,True,True,True,True,True,2022-01-24,,,,,,2022-01-24,2022-01-24,2022-01-24,2022-01-24,2022-01-24,2022-01-24,MICROSOFT 365 E5 DEVELOPER (WITHOUT WINDOWS AND AUDIO CONFERENCING)
2023-04-18,IsaiahL@lxmk.onmicrosoft.com,Isaiah Langer,False,,True,True,True,True,True,True,2022-01-24,,,,,,2022-10-27,2022-10-27,2022-10-27,2022-10-27,2022-10-27,2022-10-27,MICROSOFT 365 E5 DEVELOPER (WITHOUT WINDOWS AND AUDIO CONFERENCING)
2023-04-18,AlexW@lxmk.onmicrosoft.com,Alex Wilber,False,,True,True,True,True,True,True,2022-01-24,,,,,,2022-01-24,2022-01-24,2022-01-24,2022-01-24,2022-01-24,2022-01-24,MICROSOFT 365 E5 DEVELOPER (WITHOUT WINDOWS AND AUDIO CONFERENCING)+POWER VIRTUAL AGENTS VIRAL TRIAL+POWER PAGES VTRIAL FOR MAKERS+MICROSOFT POWER AUTOMATE FREE
2023-04-18,test-user@lxmk.onmicrosoft.com,test user,False,,True,True,True,True,True,True,,,,,,,2022-03-17,2022-03-17,2022-03-17,2022-03-17,2022-03-17,2022-03-17,MICROSOFT 365 E5 DEVELOPER (WITHOUT WINDOWS AND AUDIO CONFERENCING)
2023-04-18,HenriettaM@lxmk.onmicrosoft.com,Henrietta Mueller,False,,True,True,True,True,True,True,,,,,,,2022-01-24,2022-01-24,2022-01-24,2022-01-24,2022-01-24,2022-01-24,MICROSOFT 365 E5 DEVELOPER (WITHOUT WINDOWS AND AUDIO CONFERENCING)+POWER PAGES VTRIAL FOR MAKERS+MICROSOFT POWER AUTOMATE FREE+POWER VIRTUAL AGENTS VIRAL TRIAL
2023-04-18,i.islamaj@lxmk.onmicrosoft.com,Idlir Islamaj,False,,True,True,True,True,True,True,2023-03-30,2022-06-07,2023-04-18,,,2023-03-30,2022-05-16,2022-05-16,2022-05-16,2022-05-16,2022-05-16,2022-05-16,MICROSOFT 365 E5 DEVELOPER (WITHOUT WINDOWS AND AUDIO CONFERENCING)+MICROSOFT POWER AUTOMATE FREE
2023-04-18,j.kahl-adm@lxmk.onmicrosoft.com,Jan Kahl,False,,True,True,True,True,True,True,,,,,,,2022-06-13,2022-06-13,2022-06-13,2022-06-13,2022-06-13,2022-06-13,MICROSOFT 365 E5 DEVELOPER (WITHOUT WINDOWS AND AUDIO CONFERENCING)
2023-04-18,wallandall_hotmail.com#EXT#@lxmk.onmicrosoft.com,Christopher Wall,False,,True,True,True,True,True,True,,,2022-05-11,,,,2023-01-16,2023-01-16,2023-01-16,2023-01-16,2023-01-16,2023-01-16,MICROSOFT POWER AUTOMATE FREE+POWER PAGES VTRIAL FOR MAKERS+POWER VIRTUAL AGENTS VIRAL TRIAL+MICROSOFT 365 E5 DEVELOPER (WITHOUT WINDOWS AND AUDIO CONFERENCING)
2023-04-18,AdeleV@lxmk.onmicrosoft.com,Adele Vance,False,,True,True,True,True,True,True,2023-02-25,,2022-08-29,,2022-04-03,2022-08-29,2022-01-24,2022-01-24,2022-01-24,2022-01-24,2022-01-24,2022-01-24,MICROSOFT 365 E5 DEVELOPER (WITHOUT WINDOWS AND AUDIO CONFERENCING)+MICROSOFT POWER AUTOMATE FREE+POWER PAGES VTRIAL FOR MAKERS+POWER VIRTUAL AGENTS VIRAL TRIAL
2023-04-18,DiegoS@lxmk.onmicrosoft.com,Diego Siciliani,False,,True,True,True,True,True,True,2022-01-24,,2022-02-11,,2022-02-11,,2022-01-24,2022-01-24,2022-01-24,2022-01-24,2022-01-24,2022-01-24,MICROSOFT 365 E5 DEVELOPER (WITHOUT WINDOWS AND AUDIO CONFERENCING)+POWER VIRTUAL AGENTS VIRAL TRIAL+POWER PAGES VTRIAL FOR MAKERS+MICROSOFT POWER AUTOMATE FREE
