﻿Report Refresh Date,Group Display Name,Is Deleted,Owner Principal Name,Last Activity Date,Group Type,Member Count,External Member Count,Exchange Received Email Count,SharePoint Active File Count,Yammer Posted Message Count,Yammer Read Message Count,Yammer Liked Message Count,Exchange Mailbox Total Item Count,Exchange Mailbox Storage Used (Byte),SharePoint Total File Count,SharePoint Site Storage Used (Byte),Group Id,Report Period
2023-04-18,Sample Team Site,False,c.wall-adm@lxmk.onmicrosoft.com,,Public,2,0,,,,,,7,677147,0,1521790,0451f4d6-40a4-43a8-8e41-66f97d12c4a1,180
2023-04-18,Request-A-Team,False,c.wall-adm@lxmk.onmicrosoft.com,,Private,1,0,,,,,,6,453416,0,1441461,10c0b629-7eb1-475d-8468-c13178d60d85,180
2023-04-18,Test2_from _template,False,c.wall-adm@lxmk.onmicrosoft.com,,Private,1,0,,,,,,5,159907,0,1441313,1213fa96-3f3f-4fee-8424-c47461a28d84,180
2023-04-18,HKM Template,False,c.wall-adm@lxmk.onmicrosoft.com,2023-03-14,Private,1,0,,53,,,,6,430059,74,10465749,1b835414-e1eb-4196-a4ec-b7abbe3030c7,180
2023-04-18,Test1,False,c.wall-adm@lxmk.onmicrosoft.com,2023-03-08,Private,1,0,,1,,,,6,376310,2,1504690,1b999391-938f-4541-aae5-ef1e34fcbade,180
2023-04-18,Private Community,False,c.wall-adm@lxmk.onmicrosoft.com,,Public,2,0,,,,,,4,150514,0,1456134,1d30cba1-2bf4-4a21-9893-55247023ab0b,180
2023-04-18,Chatbot2,False,c.wall-adm@lxmk.onmicrosoft.com,,Public,1,0,,,,,,5,155309,0,1495109,23c0ed10-3086-4930-a54f-2f9aa6bb590e,180
2023-04-18,IT,False,c.wall-adm@lxmk.onmicrosoft.com,,Public,2,0,,,,,,6,112378,3,1542549,242e9a37-1acd-42b8-922f-c9e99e34abbe,180
2023-04-18,Test_From_Template,False,c.wall-adm@lxmk.onmicrosoft.com,,Private,1,0,,,,,,5,125432,0,1442021,24515ee5-61bc-45b8-adb6-783f97078cb2,180
2023-04-18,PSGroup3,False,c.wall-adm@lxmk.onmicrosoft.com,,Private,0,0,,,,,,3,132875,0,1510000,34cc488a-6675-44b3-9492-8aeda0adc1cc,180
2023-04-18,Project Site,False,c.wall-adm@lxmk.onmicrosoft.com,2023-01-30,Private,1,0,,3,,,,6,490643,12,9138172,35c23409-6e9f-4c74-a3c2-be1fb774a7d1,180
2023-04-18,WingDings1,False,c.wall-adm@lxmk.onmicrosoft.com,2023-03-17,Private,1,0,,1,,,,6,443340,2,1508041,3afbe93e-f49f-469c-8fb2-4dcd419f831b,180
2023-04-18,M365 License Management,False,i.islamaj@lxmk.onmicrosoft.com,2023-03-30,Private,2,0,,45,,,,10,1293796,51,88800082,3c0e8fed-c880-4c89-b47f-678164fc0628,180
2023-04-18,Test2_from _template,False,c.wall-adm@lxmk.onmicrosoft.com,,Private,1,0,,,,,,5,158566,0,1441946,3fc70015-3f3f-4fc0-b389-37017c2fe672,180
2023-04-18,Test2,False,c.wall-adm@lxmk.onmicrosoft.com,,Private,1,0,,,,,,6,390906,0,1442429,45e0f19d-bfdf-47fc-9d6e-a7389d93a863,180
2023-04-18,Retail,False,PattiF@lxmk.onmicrosoft.com,2023-01-30,Public,17,0,,1,,,,20,220361,4,1537773,4ac4ba7f-4971-48cd-8168-bcce70a93199,180
2023-04-18,Request a Guest,False,c.wall-adm@lxmk.onmicrosoft.com,2023-03-27,Private,1,0,,1,,,,7,501943,2,1527503,4ad11619-c172-4b10-92f0-f87960e0701b,180
2023-04-18,SCA Projects,False,c.wall-adm@lxmk.onmicrosoft.com,2023-01-23,Private,2,0,,1,,,,7,691889,5,1734907,4b3ab18b-e979-45c9-bbb0-06e19df05d2f,180
2023-04-18,HKM Project Hub,False,c.wall-adm@lxmk.onmicrosoft.com,2023-03-06,Private,1,0,,117,,,,6,417927,52,29071709,4bc4b426-65f2-4c9e-ab31-8a61b6e9b136,180
2023-04-18,Digital Initiative Public Relations,False,PattiF@lxmk.onmicrosoft.com,2023-04-06,Public,17,0,,,,,,20,255179,1,3976410,4c64b05d-d2d6-40ab-87a8-658697f492c9,180
2023-04-18,TU-P Projekt,False,AdeleV@lxmk.onmicrosoft.com,2022-08-23,Private,1,0,,,,,,5,185226,0,1570591,4ddb3ddf-5a3b-4b66-b8b3-2170728c84b4,180
2023-04-18,Mark 8 Project Team,False,PattiF@lxmk.onmicrosoft.com,2023-03-30,Public,17,0,,7,,,,20,269801,7,12759747,50dea027-0ab9-4218-a6b2-9a3fd67a5cec,180
2023-04-18,Sales and Marketing,False,PattiF@lxmk.onmicrosoft.com,2022-09-09,Public,17,0,,,,,,20,282359,0,1458890,555f7a1f-55ca-45d7-9b91-96b0a2c18318,180
2023-04-18,1082-00000356 Phönix | Intern,False,LeeG@lxmk.onmicrosoft.com,2023-04-06,Private,3,0,,,,,,8,243564,4,1911163,61281b41-e205-4192-bc37-5956a7a11a95,180
2023-04-18,SCA Projects,False,c.wall-adm@lxmk.onmicrosoft.com,2023-01-23,Private,2,0,,1,,,,7,706506,3,1543000,64200e1b-23ce-4b8f-8b69-96e3e7363e34,180
2023-04-18,,True,,2023-03-06,,0,0,,3,,,,0,0,3,1586546,65d761aa-6b39-4e27-bb3d-ea21568dd960,180
2023-04-18,U.S. Sales,False,PattiF@lxmk.onmicrosoft.com,2023-04-06,Public,17,0,,,,,,20,264232,0,3306627,6cd8d0f4-f822-4793-9a8b-c90d1a275456,180
2023-04-18,PSGroup2,False,c.wall-adm@lxmk.onmicrosoft.com,,Private,0,0,,,,,,3,135439,0,1510059,7fd868c5-8400-481e-bc0c-509d48ed067f,180
2023-04-18,,True,,,,0,0,,,,,,0,0,0,1437758,8213f9d5-2abb-42fa-b7ce-abba73765436,180
2023-04-18,HR,False,c.wall-adm@lxmk.onmicrosoft.com,2022-10-28,Public,2,0,,,,,,5,128064,4,1561405,85ad5f1b-8699-442b-aa5c-712c54323791,180
2023-04-18,Chatbot3,False,c.wall-adm@lxmk.onmicrosoft.com,,Public,1,0,,,,,,5,146346,0,1494421,892b1e8d-74b3-4e4f-a6cf-2a42bd3bf3c7,180
2023-04-18,Adoption-Bot,False,c.wall-adm@lxmk.onmicrosoft.com,2023-04-06,Public,1,0,,,,,,5,185208,0,1495500,8a8ec361-115f-4dd6-b598-15f3eceed3c1,180
2023-04-18,Template1,False,c.wall-adm@lxmk.onmicrosoft.com,2023-03-17,Private,1,0,,2,,,,6,400925,2,1532359,8c04d7c6-90f6-4c2d-bea2-4b201862c658,180
2023-04-18,PowerApp Team,False,i.islamaj@lxmk.onmicrosoft.com,2023-04-06,Public,2,0,,12,,,,7,213284,16,3510766,8dd1bd1c-8e65-4fa7-8987-bc5fcbbed148,180
2023-04-18,Group1,False,AdeleV@lxmk.onmicrosoft.com,2022-10-24,Private,14,1,,,,,,112,20580399,2,1548938,a5be96d5-145e-47dd-8bff-41cb4ffb3e2e,180
2023-04-18,Marketing,False,c.wall-adm@lxmk.onmicrosoft.com,2022-04-03,Public,2,0,,,,,,4,101236,0,1455755,a9930f4b-d1c9-4a15-8fa3-eede46b10bd6,180
2023-04-18,SiteTemplates,False,c.wall-adm@lxmk.onmicrosoft.com,2023-03-28,Private,1,0,,10,,,,6,431296,8,1916637,ab41b877-3149-4481-9fb2-cdc17f44bcfb,180
2023-04-18,ChatBot,False,c.wall-adm@lxmk.onmicrosoft.com,2023-03-27,Private,2,1,,,,,,6,165181,0,1498859,ae4cc854-04cc-493d-a722-a19dff1b7272,180
2023-04-18,SiteTemplateSite1,False,c.wall-adm@lxmk.onmicrosoft.com,2023-03-07,Private,1,0,,3,,,,6,414237,8,1737014,b27db58d-8d2b-4e96-85fb-f415fc7b7fc9,180
2023-04-18,PSGroup1,False,c.wall-adm@lxmk.onmicrosoft.com,,Private,0,0,,,,,,4,140133,2,1549327,b4b63884-9832-4fbe-b49c-b9da34947605,180
2023-04-18,,True,,2023-03-06,,0,0,,4,,,,0,0,4,1632751,c169f39a-852f-4757-b483-32c5f0ef18ce,180
2023-04-18,Test Project 1,False,c.wall-adm@lxmk.onmicrosoft.com,2023-03-14,Private,1,0,,2,,,,6,474381,16,2856846,c492d380-c90b-48e5-a99b-f0d6e831ac95,180
2023-04-18,Group2,False,i.islamaj@lxmk.onmicrosoft.com,2023-03-30,Private,0,0,,,,,,98,16872861,2,1549050,cce1245c-fbc3-4c5a-b735-94fe92170d05,180
2023-04-18,All Company,False,c.wall-adm@lxmk.onmicrosoft.com,2022-02-11,Public,2,0,,,,,,4,149110,0,0,d342ad70-4f6a-4f33-8bc6-94eabfab1d0a,180
2023-04-18,Angebote,False,c.wall-adm@lxmk.onmicrosoft.com,2022-04-25,Private,2,0,,,,,,8,664681,2,1654243,d5e87487-fd1a-4c27-899b-f791c3cfbd27,180
2023-04-18,Chatbot4(Private),False,c.wall-adm@lxmk.onmicrosoft.com,,Private,1,0,,,,,,5,183403,0,1498919,d795a779-66e8-41c7-a77b-3af58b7a346c,180
2023-04-18,,True,,,,0,0,,,,,,0,0,2,1494414,d80b8800-cfaa-490a-a547-12255438f11c,180
2023-04-18,Test-Security_Group,False,c.wall-adm@lxmk.onmicrosoft.com,2022-04-21,Public,1,0,,,,,,5,439697,1,1576278,db547b5e-6ce6-4411-8680-faf08b020399,180
2023-04-18,Test_default_Template1,False,c.wall-adm@lxmk.onmicrosoft.com,,Private,1,0,,,,,,6,392844,1,1482736,dedc19c8-37b9-44fd-8fe4-e4093d00e7db,180
2023-04-18,ServiceAngebot,False,c.wall-adm@lxmk.onmicrosoft.com,2023-03-15,Private,2,0,,3,,,,7,684428,148,180055307,dfec1a15-88c0-436b-afc6-bc1b7380701c,180
2023-04-18,test_new_1,False,c.wall-adm@lxmk.onmicrosoft.com,2023-03-07,Private,1,0,,1,,,,6,417156,2,1507342,e1a24b61-4178-45d7-8b9f-776b46949744,180
2023-04-18,test 2,False,i.islamaj@lxmk.onmicrosoft.com,,Private,1,0,,,,,,8,694945,0,1449068,e261ec34-f23d-425c-b0c6-5e5cd74cbd7e,180
2023-04-18,Recommendations Site,False,i.islamaj@lxmk.onmicrosoft.com,2023-04-18,Private,1,0,,134,,,,6,462305,68,126715150,e99a9c4f-3b42-423e-bc5d-a2814425bf4e,180
2023-04-18,WingDings_Default,False,c.wall-adm@lxmk.onmicrosoft.com,2023-04-17,Private,1,0,,,,,,6,482697,2,1511443,f2363993-0fe3-41d0-938c-cc4ddda4e1cc,180
2023-04-18,Meeting Minutes,False,c.wall-adm@lxmk.onmicrosoft.com,2022-08-31,Private,1,0,,,,,,6,497265,4,1609520,f278a9ef-ba9b-459f-a8a6-4b4fb71ef82d,180
2023-04-18,,True,,2023-03-04,,0,0,,4,,,,0,0,4,1630960,f373ce48-83b6-45d3-8ae9-a35abd8b5fb4,180
2023-04-18,,True,,,,0,0,,,,,,0,0,0,1437832,ff97d202-e5bf-4c17-9e1b-047803a64e07,180
