﻿Report Refresh Date,User Principal Name,Is Deleted,Deleted Date,Last Activity Date,Total Peer-to-peer Session Count,Total Organized Conference Count,Total Participated Conference Count,Peer-to-peer Last Activity Date,Organized Conference Last Activity Date,Participated Conference Last Activity Date,Peer-to-peer IM Count,Peer-to-peer Audio Count,Peer-to-peer Audio Minutes,Peer-to-peer Video Count,Peer-to-peer Video Minutes,Peer-to-peer App Sharing Count,Peer-to-peer File Transfer Count,Organized Conference IM Count,Organized Conference Audio/Video Count,Organized Conference Audio/Video Minutes,Organized Conference App Sharing Count,Organized Conference Web Count,Organized Conference Dial-in/out 3rd Party Count,Organized Conference Dial-in/out Microsoft Count,Organized Conference Dial-in Microsoft Minutes,Organized Conference Dial-out Microsoft Minutes,Participated Conference IM Count,Participated Conference Audio/Video Count,Participated Conference Audio/Video Minutes,Participated Conference App Sharing Count,Participated Conference Web Count,Participated Conference Dial-in/out 3rd Party Count,Assigned Products,Report Period
2023-04-18,MeganB@lxmk.onmicrosoft.com,False,,,0,0,0,,,,0,0,0,0,0,0,0,0,0,0,0,0,0,0,0,0,0,0,0,0,0,0,MICROSOFT 365 E5 DEVELOPER (WITHOUT WINDOWS AND AUDIO CONFERENCING),180
2023-04-18,magnus.hofshagen_crayon.com#EXT#@lxmk.onmicrosoft.com,False,,,0,0,0,,,,0,0,0,0,0,0,0,0,0,0,0,0,0,0,0,0,0,0,0,0,0,0,MICROSOFT POWER AUTOMATE FREE+MICROSOFT 365 E5 DEVELOPER (WITHOUT WINDOWS AND AUDIO CONFERENCING),180
2023-04-18,LynneR@lxmk.onmicrosoft.com,False,,,0,0,0,,,,0,0,0,0,0,0,0,0,0,0,0,0,0,0,0,0,0,0,0,0,0,0,MICROSOFT 365 E5 DEVELOPER (WITHOUT WINDOWS AND AUDIO CONFERENCING),180
2023-04-18,PattiF@lxmk.onmicrosoft.com,False,,,0,0,0,,,,0,0,0,0,0,0,0,0,0,0,0,0,0,0,0,0,0,0,0,0,0,0,,180
2023-04-18,LidiaH@lxmk.onmicrosoft.com,False,,,0,0,0,,,,0,0,0,0,0,0,0,0,0,0,0,0,0,0,0,0,0,0,0,0,0,0,MICROSOFT 365 E5 DEVELOPER (WITHOUT WINDOWS AND AUDIO CONFERENCING)+MICROSOFT POWER AUTOMATE FREE,180
2023-04-18,c.wall-adm@lxmk.onmicrosoft.com,False,,,0,0,0,,,,0,0,0,0,0,0,0,0,0,0,0,0,0,0,0,0,0,0,0,0,0,0,MICROSOFT 365 E5 DEVELOPER (WITHOUT WINDOWS AND AUDIO CONFERENCING)+MICROSOFT POWER AUTOMATE FREE+POWER VIRTUAL AGENTS VIRAL TRIAL+POWER PAGES VTRIAL FOR MAKERS,180
2023-04-18,a.ambavaram-adm@lxmk.onmicrosoft.com,False,,,0,0,0,,,,0,0,0,0,0,0,0,0,0,0,0,0,0,0,0,0,0,0,0,0,0,0,MICROSOFT POWER AUTOMATE FREE+MICROSOFT 365 E5 DEVELOPER (WITHOUT WINDOWS AND AUDIO CONFERENCING)+POWER VIRTUAL AGENTS VIRAL TRIAL+POWER PAGES VTRIAL FOR MAKERS,180
2023-04-18,GradyA@lxmk.onmicrosoft.com,False,,,0,0,0,,,,0,0,0,0,0,0,0,0,0,0,0,0,0,0,0,0,0,0,0,0,0,0,MICROSOFT 365 E5 DEVELOPER (WITHOUT WINDOWS AND AUDIO CONFERENCING)+POWER VIRTUAL AGENTS VIRAL TRIAL+POWER PAGES VTRIAL FOR MAKERS+MICROSOFT POWER AUTOMATE FREE,180
2023-04-18,NestorW@lxmk.onmicrosoft.com,False,,,0,0,0,,,,0,0,0,0,0,0,0,0,0,0,0,0,0,0,0,0,0,0,0,0,0,0,MICROSOFT 365 E5 DEVELOPER (WITHOUT WINDOWS AND AUDIO CONFERENCING),180
2023-04-18,PradeepG@lxmk.onmicrosoft.com,False,,,0,0,0,,,,0,0,0,0,0,0,0,0,0,0,0,0,0,0,0,0,0,0,0,0,0,0,MICROSOFT 365 E5 DEVELOPER (WITHOUT WINDOWS AND AUDIO CONFERENCING),180
2023-04-18,MiriamG@lxmk.onmicrosoft.com,False,,,0,0,0,,,,0,0,0,0,0,0,0,0,0,0,0,0,0,0,0,0,0,0,0,0,0,0,MICROSOFT 365 E5 DEVELOPER (WITHOUT WINDOWS AND AUDIO CONFERENCING),180
2023-04-18,IsaiahL@lxmk.onmicrosoft.com,False,,,0,0,0,,,,0,0,0,0,0,0,0,0,0,0,0,0,0,0,0,0,0,0,0,0,0,0,MICROSOFT 365 E5 DEVELOPER (WITHOUT WINDOWS AND AUDIO CONFERENCING),180
2023-04-18,AlexW@lxmk.onmicrosoft.com,False,,,0,0,0,,,,0,0,0,0,0,0,0,0,0,0,0,0,0,0,0,0,0,0,0,0,0,0,MICROSOFT 365 E5 DEVELOPER (WITHOUT WINDOWS AND AUDIO CONFERENCING)+POWER VIRTUAL AGENTS VIRAL TRIAL+POWER PAGES VTRIAL FOR MAKERS+MICROSOFT POWER AUTOMATE FREE,180
2023-04-18,test-user@lxmk.onmicrosoft.com,False,,,0,0,0,,,,0,0,0,0,0,0,0,0,0,0,0,0,0,0,0,0,0,0,0,0,0,0,MICROSOFT 365 E5 DEVELOPER (WITHOUT WINDOWS AND AUDIO CONFERENCING),180
2023-04-18,HenriettaM@lxmk.onmicrosoft.com,False,,,0,0,0,,,,0,0,0,0,0,0,0,0,0,0,0,0,0,0,0,0,0,0,0,0,0,0,MICROSOFT 365 E5 DEVELOPER (WITHOUT WINDOWS AND AUDIO CONFERENCING)+POWER PAGES VTRIAL FOR MAKERS+MICROSOFT POWER AUTOMATE FREE+POWER VIRTUAL AGENTS VIRAL TRIAL,180
2023-04-18,i.islamaj@lxmk.onmicrosoft.com,False,,,0,0,0,,,,0,0,0,0,0,0,0,0,0,0,0,0,0,0,0,0,0,0,0,0,0,0,MICROSOFT 365 E5 DEVELOPER (WITHOUT WINDOWS AND AUDIO CONFERENCING)+MICROSOFT POWER AUTOMATE FREE,180
2023-04-18,j.kahl-adm@lxmk.onmicrosoft.com,False,,,0,0,0,,,,0,0,0,0,0,0,0,0,0,0,0,0,0,0,0,0,0,0,0,0,0,0,MICROSOFT 365 E5 DEVELOPER (WITHOUT WINDOWS AND AUDIO CONFERENCING),180
2023-04-18,wallandall_hotmail.com#EXT#@lxmk.onmicrosoft.com,False,,,0,0,0,,,,0,0,0,0,0,0,0,0,0,0,0,0,0,0,0,0,0,0,0,0,0,0,MICROSOFT POWER AUTOMATE FREE+POWER PAGES VTRIAL FOR MAKERS+POWER VIRTUAL AGENTS VIRAL TRIAL+MICROSOFT 365 E5 DEVELOPER (WITHOUT WINDOWS AND AUDIO CONFERENCING),180
2023-04-18,AdeleV@lxmk.onmicrosoft.com,False,,,0,0,0,,,,0,0,0,0,0,0,0,0,0,0,0,0,0,0,0,0,0,0,0,0,0,0,MICROSOFT 365 E5 DEVELOPER (WITHOUT WINDOWS AND AUDIO CONFERENCING)+MICROSOFT POWER AUTOMATE FREE+POWER PAGES VTRIAL FOR MAKERS+POWER VIRTUAL AGENTS VIRAL TRIAL,180
2023-04-18,DiegoS@lxmk.onmicrosoft.com,False,,,0,0,0,,,,0,0,0,0,0,0,0,0,0,0,0,0,0,0,0,0,0,0,0,0,0,0,MICROSOFT 365 E5 DEVELOPER (WITHOUT WINDOWS AND AUDIO CONFERENCING)+POWER VIRTUAL AGENTS VIRAL TRIAL+POWER PAGES VTRIAL FOR MAKERS+MICROSOFT POWER AUTOMATE FREE,180
