﻿Report Refresh Date,User Id,User Principal Name,Last Activity Date,Is Deleted,Deleted Date,Assigned Products,Team Chat Message Count,Private Chat Message Count,Call Count,Meeting Count,Meetings Organized Count,Meetings Attended Count,Ad Hoc Meetings Organized Count,Ad Hoc Meetings Attended Count,Scheduled One-time Meetings Organized Count,Scheduled One-time Meetings Attended Count,Scheduled Recurring Meetings Organized Count,Scheduled Recurring Meetings Attended Count,Audio Duration,Video Duration,Screen Share Duration,Audio Duration In Seconds,Video Duration In Seconds,Screen Share Duration In Seconds,Has Other Action,Urgent Messages,Post Messages,Tenant Display Name,Shared Channel Tenant Display Names,Reply Messages,Is Licensed,Report Period
2023-04-18,1e4e8fe3-a8d7-4c55-ae98-b104d13cf34f,MeganB@lxmk.onmicrosoft.com,,False,,MICROSOFT 365 E5 DEVELOPER (WITHOUT WINDOWS AND AUDIO CONFERENCING),0,0,0,0,0,0,0,0,0,0,0,0,PT0S,PT0S,PT0S,0,0,0,No,0,0,LXMK,,0,Yes,180
2023-04-18,2609daf1-eec7-49e7-89da-38224216bf78,magnus.hofshagen_crayon.com#EXT#@lxmk.onmicrosoft.com,,False,,MICROSOFT POWER AUTOMATE FREE+MICROSOFT 365 E5 DEVELOPER (WITHOUT WINDOWS AND AUDIO CONFERENCING),0,0,0,0,0,0,0,0,0,0,0,0,PT0S,PT0S,PT0S,0,0,0,No,0,0,LXMK,,0,Yes,180
2023-04-18,0fe94e03-66c5-4486-a1ad-95cd37c174b9,LynneR@lxmk.onmicrosoft.com,,False,,MICROSOFT 365 E5 DEVELOPER (WITHOUT WINDOWS AND AUDIO CONFERENCING),0,0,0,0,0,0,0,0,0,0,0,0,PT0S,PT0S,PT0S,0,0,0,No,0,0,LXMK,,0,Yes,180
2023-04-18,13dd25e5-eed4-413f-9adb-87b64f9b6d97,PattiF@lxmk.onmicrosoft.com,,False,,,0,0,0,0,0,0,0,0,0,0,0,0,PT0S,PT0S,PT0S,0,0,0,No,0,0,LXMK,,0,Yes,180
2023-04-18,69fd344f-7415-4dea-9672-3a9653e7c4f7,LidiaH@lxmk.onmicrosoft.com,2023-03-30,False,,MICROSOFT 365 E5 DEVELOPER (WITHOUT WINDOWS AND AUDIO CONFERENCING)+MICROSOFT POWER AUTOMATE FREE,0,2,0,0,0,0,0,0,0,0,0,0,PT0S,PT0S,PT0S,0,0,0,No,0,0,LXMK,,0,Yes,180
2023-04-18,c6351057-0d88-454e-abde-bdef47695180,c.wall-adm@lxmk.onmicrosoft.com,2023-04-06,False,,MICROSOFT 365 E5 DEVELOPER (WITHOUT WINDOWS AND AUDIO CONFERENCING)+MICROSOFT POWER AUTOMATE FREE+POWER VIRTUAL AGENTS VIRAL TRIAL+POWER PAGES VTRIAL FOR MAKERS,7,55,0,14,0,14,0,0,0,14,0,0,PT16H16M10S,PT16H16M10S,PT2H9M37S,58570,58570,7777,No,0,6,LXMK,,1,Yes,180
2023-04-18,a9956c42-1bff-4cca-bcfe-e1cc42c6f2b6,a.ambavaram-adm@lxmk.onmicrosoft.com,,False,,MICROSOFT POWER AUTOMATE FREE+MICROSOFT 365 E5 DEVELOPER (WITHOUT WINDOWS AND AUDIO CONFERENCING)+POWER VIRTUAL AGENTS VIRAL TRIAL+POWER PAGES VTRIAL FOR MAKERS,0,0,0,0,0,0,0,0,0,0,0,0,PT0S,PT0S,PT0S,0,0,0,No,0,0,LXMK,,0,Yes,180
2023-04-18,627cdaee-b8d5-4e80-a27b-dea10a745d84,GradyA@lxmk.onmicrosoft.com,,False,,MICROSOFT 365 E5 DEVELOPER (WITHOUT WINDOWS AND AUDIO CONFERENCING)+POWER VIRTUAL AGENTS VIRAL TRIAL+POWER PAGES VTRIAL FOR MAKERS+MICROSOFT POWER AUTOMATE FREE,0,0,0,0,0,0,0,0,0,0,0,0,PT0S,PT0S,PT0S,0,0,0,No,0,0,LXMK,,0,Yes,180
2023-04-18,3a6f6600-169c-4311-8521-26b649822d89,NestorW@lxmk.onmicrosoft.com,,False,,MICROSOFT 365 E5 DEVELOPER (WITHOUT WINDOWS AND AUDIO CONFERENCING),0,0,0,0,0,0,0,0,0,0,0,0,PT0S,PT0S,PT0S,0,0,0,No,0,0,LXMK,,0,Yes,180
2023-04-18,17d21852-0d4d-4235-8255-5a25492f4793,PradeepG@lxmk.onmicrosoft.com,,False,,MICROSOFT 365 E5 DEVELOPER (WITHOUT WINDOWS AND AUDIO CONFERENCING),0,0,0,0,0,0,0,0,0,0,0,0,PT0S,PT0S,PT0S,0,0,0,No,0,0,LXMK,,0,Yes,180
2023-04-18,5cbd82b5-1371-4ad1-b15b-28c41648d9d3,MiriamG@lxmk.onmicrosoft.com,,False,,MICROSOFT 365 E5 DEVELOPER (WITHOUT WINDOWS AND AUDIO CONFERENCING),0,0,0,0,0,0,0,0,0,0,0,0,PT0S,PT0S,PT0S,0,0,0,No,0,0,LXMK,,0,Yes,180
2023-04-18,66a0f4fb-e351-474d-9e20-e4929bdf7ece,IsaiahL@lxmk.onmicrosoft.com,,False,,MICROSOFT 365 E5 DEVELOPER (WITHOUT WINDOWS AND AUDIO CONFERENCING),0,0,0,0,0,0,0,0,0,0,0,0,PT0S,PT0S,PT0S,0,0,0,No,0,0,LXMK,,0,Yes,180
2023-04-18,68abcda9-e4c2-4b8b-90fe-a0a287d990ef,AlexW@lxmk.onmicrosoft.com,,False,,MICROSOFT 365 E5 DEVELOPER (WITHOUT WINDOWS AND AUDIO CONFERENCING)+POWER VIRTUAL AGENTS VIRAL TRIAL+POWER PAGES VTRIAL FOR MAKERS+MICROSOFT POWER AUTOMATE FREE,0,0,0,0,0,0,0,0,0,0,0,0,PT0S,PT0S,PT0S,0,0,0,No,0,0,LXMK,,0,Yes,180
2023-04-18,a6c742dc-cd9f-4647-894a-f3579ec223fe,test-user@lxmk.onmicrosoft.com,,False,,MICROSOFT 365 E5 DEVELOPER (WITHOUT WINDOWS AND AUDIO CONFERENCING),0,0,0,0,0,0,0,0,0,0,0,0,PT0S,PT0S,PT0S,0,0,0,No,0,0,LXMK,,0,Yes,180
2023-04-18,25553764-d2c1-46d8-ae33-1cd4297dc06c,HenriettaM@lxmk.onmicrosoft.com,,False,,MICROSOFT 365 E5 DEVELOPER (WITHOUT WINDOWS AND AUDIO CONFERENCING)+POWER PAGES VTRIAL FOR MAKERS+MICROSOFT POWER AUTOMATE FREE+POWER VIRTUAL AGENTS VIRAL TRIAL,0,0,0,0,0,0,0,0,0,0,0,0,PT0S,PT0S,PT0S,0,0,0,No,0,0,LXMK,,0,Yes,180
2023-04-18,f14565a2-b278-40cc-b362-f31754fc791a,i.islamaj@lxmk.onmicrosoft.com,2023-03-30,False,,MICROSOFT 365 E5 DEVELOPER (WITHOUT WINDOWS AND AUDIO CONFERENCING)+MICROSOFT POWER AUTOMATE FREE,0,0,0,0,0,0,0,0,0,0,0,0,PT0S,PT0S,PT0S,0,0,0,Yes,0,0,LXMK,,0,Yes,180
2023-04-18,23daffca-0522-4bb6-99ec-b6e4ef40fbb5,j.kahl-adm@lxmk.onmicrosoft.com,,False,,MICROSOFT 365 E5 DEVELOPER (WITHOUT WINDOWS AND AUDIO CONFERENCING),0,0,0,0,0,0,0,0,0,0,0,0,PT0S,PT0S,PT0S,0,0,0,No,0,0,LXMK,,0,Yes,180
2023-04-18,aae32670-c77a-4eb3-8752-a765893e60ff,wallandall_hotmail.com#EXT#@lxmk.onmicrosoft.com,,False,,MICROSOFT POWER AUTOMATE FREE+POWER PAGES VTRIAL FOR MAKERS+POWER VIRTUAL AGENTS VIRAL TRIAL+MICROSOFT 365 E5 DEVELOPER (WITHOUT WINDOWS AND AUDIO CONFERENCING),0,0,0,0,0,0,0,0,0,0,0,0,PT0S,PT0S,PT0S,0,0,0,No,0,0,LXMK,,0,Yes,180
2023-04-18,dfcdd32f-ee8d-486c-8c15-24f7d878a8ea,AdeleV@lxmk.onmicrosoft.com,2022-08-29,False,,MICROSOFT 365 E5 DEVELOPER (WITHOUT WINDOWS AND AUDIO CONFERENCING)+MICROSOFT POWER AUTOMATE FREE+POWER PAGES VTRIAL FOR MAKERS+POWER VIRTUAL AGENTS VIRAL TRIAL,0,0,0,0,0,0,0,0,0,0,0,0,PT0S,PT0S,PT0S,0,0,0,No,0,0,LXMK,,0,Yes,180
2023-04-18,d7160946-c62e-40d3-badd-b8f5988b96e0,DiegoS@lxmk.onmicrosoft.com,,False,,MICROSOFT 365 E5 DEVELOPER (WITHOUT WINDOWS AND AUDIO CONFERENCING)+POWER VIRTUAL AGENTS VIRAL TRIAL+POWER PAGES VTRIAL FOR MAKERS+MICROSOFT POWER AUTOMATE FREE,0,0,0,0,0,0,0,0,0,0,0,0,PT0S,PT0S,PT0S,0,0,0,No,0,0,LXMK,,0,Yes,180
