﻿Report Refresh Date,User Principal Name,Display Name,User State,State Change Date,Last Activity Date,Posted Count,Read Count,Liked Count,Assigned Products,Report Period
2023-04-18,LeeG@lxmk.onmicrosoft.com,Lee Gu,active,2022-04-21,,0,0,0,MICROSOFT POWER AUTOMATE FREE,180
2023-04-18,MeganB@lxmk.onmicrosoft.com,Megan Bowen,,,,0,0,0,MICROSOFT 365 E5 DEVELOPER (WITHOUT WINDOWS AND AUDIO CONFERENCING),180
2023-04-18,magnus.hofshagen_crayon.com#EXT#@lxmk.onmicrosoft.com,Magnus Hofshagen,,,,0,0,0,MICROSOFT POWER AUTOMATE FREE+MICROSOFT 365 E5 DEVELOPER (WITHOUT WINDOWS AND AUDIO CONFERENCING),180
2023-04-18,LynneR@lxmk.onmicrosoft.com,Lynne Robbins,,,,0,0,0,MICROSOFT 365 E5 DEVELOPER (WITHOUT WINDOWS AND AUDIO CONFERENCING),180
2023-04-18,PattiF@lxmk.onmicrosoft.com,Patti Fernandez,,,,0,0,0,,180
2023-04-18,LidiaH@lxmk.onmicrosoft.com,Lidia Holloway,,,,0,0,0,MICROSOFT 365 E5 DEVELOPER (WITHOUT WINDOWS AND AUDIO CONFERENCING)+MICROSOFT POWER AUTOMATE FREE,180
2023-04-18,c.wall-adm@lxmk.onmicrosoft.com,Christopher Wall,active,2022-01-24,2022-03-07,0,0,0,MICROSOFT 365 E5 DEVELOPER (WITHOUT WINDOWS AND AUDIO CONFERENCING)+MICROSOFT POWER AUTOMATE FREE+POWER VIRTUAL AGENTS VIRAL TRIAL+POWER PAGES VTRIAL FOR MAKERS,180
2023-04-18,a.ambavaram-adm@lxmk.onmicrosoft.com,Amar Ambavaram,,,,0,0,0,MICROSOFT POWER AUTOMATE FREE+MICROSOFT 365 E5 DEVELOPER (WITHOUT WINDOWS AND AUDIO CONFERENCING)+POWER VIRTUAL AGENTS VIRAL TRIAL+POWER PAGES VTRIAL FOR MAKERS,180
2023-04-18,GradyA@lxmk.onmicrosoft.com,Grady Archie,,,,0,0,0,MICROSOFT 365 E5 DEVELOPER (WITHOUT WINDOWS AND AUDIO CONFERENCING)+POWER VIRTUAL AGENTS VIRAL TRIAL+POWER PAGES VTRIAL FOR MAKERS+MICROSOFT POWER AUTOMATE FREE,180
2023-04-18,NestorW@lxmk.onmicrosoft.com,Nestor Wilke,,,,0,0,0,MICROSOFT 365 E5 DEVELOPER (WITHOUT WINDOWS AND AUDIO CONFERENCING),180
2023-04-18,PradeepG@lxmk.onmicrosoft.com,Pradeep Gupta,,,,0,0,0,MICROSOFT 365 E5 DEVELOPER (WITHOUT WINDOWS AND AUDIO CONFERENCING),180
2023-04-18,MiriamG@lxmk.onmicrosoft.com,Miriam Graham,,,,0,0,0,MICROSOFT 365 E5 DEVELOPER (WITHOUT WINDOWS AND AUDIO CONFERENCING),180
2023-04-18,IsaiahL@lxmk.onmicrosoft.com,Isaiah Langer,,,,0,0,0,MICROSOFT 365 E5 DEVELOPER (WITHOUT WINDOWS AND AUDIO CONFERENCING),180
2023-04-18,AlexW@lxmk.onmicrosoft.com,Alex Wilber,,,,0,0,0,MICROSOFT 365 E5 DEVELOPER (WITHOUT WINDOWS AND AUDIO CONFERENCING)+POWER VIRTUAL AGENTS VIRAL TRIAL+POWER PAGES VTRIAL FOR MAKERS+MICROSOFT POWER AUTOMATE FREE,180
2023-04-18,test-user@lxmk.onmicrosoft.com,test user,,,,0,0,0,MICROSOFT 365 E5 DEVELOPER (WITHOUT WINDOWS AND AUDIO CONFERENCING),180
2023-04-18,HenriettaM@lxmk.onmicrosoft.com,Henrietta Mueller,,,,0,0,0,MICROSOFT 365 E5 DEVELOPER (WITHOUT WINDOWS AND AUDIO CONFERENCING)+POWER PAGES VTRIAL FOR MAKERS+MICROSOFT POWER AUTOMATE FREE+POWER VIRTUAL AGENTS VIRAL TRIAL,180
2023-04-18,i.islamaj@lxmk.onmicrosoft.com,Idlir Islamaj,active,2022-05-16,,0,0,0,MICROSOFT 365 E5 DEVELOPER (WITHOUT WINDOWS AND AUDIO CONFERENCING)+MICROSOFT POWER AUTOMATE FREE,180
2023-04-18,j.kahl-adm@lxmk.onmicrosoft.com,Jan Kahl,,,,0,0,0,MICROSOFT 365 E5 DEVELOPER (WITHOUT WINDOWS AND AUDIO CONFERENCING),180
2023-04-18,wallandall_hotmail.com#EXT#@lxmk.onmicrosoft.com,Christopher Wall,,,,0,0,0,MICROSOFT POWER AUTOMATE FREE+POWER PAGES VTRIAL FOR MAKERS+POWER VIRTUAL AGENTS VIRAL TRIAL+MICROSOFT 365 E5 DEVELOPER (WITHOUT WINDOWS AND AUDIO CONFERENCING),180
2023-04-18,AdeleV@lxmk.onmicrosoft.com,Adele Vance,active,2022-03-07,2022-04-03,0,0,0,MICROSOFT 365 E5 DEVELOPER (WITHOUT WINDOWS AND AUDIO CONFERENCING)+MICROSOFT POWER AUTOMATE FREE+POWER PAGES VTRIAL FOR MAKERS+POWER VIRTUAL AGENTS VIRAL TRIAL,180
2023-04-18,DiegoS@lxmk.onmicrosoft.com,Diego Siciliani,active,2022-02-11,2022-02-11,0,0,0,MICROSOFT 365 E5 DEVELOPER (WITHOUT WINDOWS AND AUDIO CONFERENCING)+POWER VIRTUAL AGENTS VIRAL TRIAL+POWER PAGES VTRIAL FOR MAKERS+MICROSOFT POWER AUTOMATE FREE,180
