"GroupLicense","GroupName","GroupId","ExtensionData","CommonName","DisplayName","EmailAddress","GroupMemberType","IsLicensed","LastDirSyncTime","ObjectId","OverallProvisioningStatus","ValidationStatus"
"DEVELOPERPACK_E5;","Test_HR","1c4ffc78-98e7-4c91-93c4-52641206753e","","Christopher","Christopher Wall","c.wall-adm@lxmk.onmicrosoft.com","Owner","TRUE","","c6351057-0d88-454e-abde-bdef47695180","",""
"DEVELOPERPACK_E5;","Test_HR","1c4ffc78-98e7-4c91-93c4-52641206753e","","Adele","Adele Vance","AdeleV@lxmk.onmicrosoft.com","Member","TRUE","","dfcdd32f-ee8d-486c-8c15-24f7d878a8ea","",""
"DEVELOPERPACK_E5;","E5","6f692cbd-e56f-401d-92fd-1a16b9735874","","Idlir","Idlir Islamaj","i.islamaj@lxmk.onmicrosoft.com","Owner","TRUE","","f14565a2-b278-40cc-b362-f31754fc791a","",""
"DEVELOPERPACK_E5;","E3 Group Assignment","7038b1e9-6980-4518-89b9-1a3c6ca0208f","","Adele","Adele Vance","AdeleV@lxmk.onmicrosoft.com","Owner","TRUE","","dfcdd32f-ee8d-486c-8c15-24f7d878a8ea","",""
"DEVELOPERPACK_E5;","E3 Group Assignment","7038b1e9-6980-4518-89b9-1a3c6ca0208f","","Adele","Adele Vance","AdeleV@lxmk.onmicrosoft.com","Member","TRUE","","dfcdd32f-ee8d-486c-8c15-24f7d878a8ea","",""
"Power_Pages_vTrial_for_Makers;FLOW_FREE;DEVELOPERPACK_E5;CCIBOTS_PRIVPREV_VIRAL;","PoweApps Free","d702d055-a189-4746-b6f9-c7b260a59c54","","Adele","Adele Vance","AdeleV@lxmk.onmicrosoft.com","Member","TRUE","","dfcdd32f-ee8d-486c-8c15-24f7d878a8ea","",""
"Power_Pages_vTrial_for_Makers;FLOW_FREE;DEVELOPERPACK_E5;CCIBOTS_PRIVPREV_VIRAL;","PoweApps Free","d702d055-a189-4746-b6f9-c7b260a59c54","","Grady","Grady Archie","GradyA@lxmk.onmicrosoft.com","Member","TRUE","","627cdaee-b8d5-4e80-a27b-dea10a745d84","",""
"Power_Pages_vTrial_for_Makers;FLOW_FREE;DEVELOPERPACK_E5;CCIBOTS_PRIVPREV_VIRAL;","PoweApps Free","d702d055-a189-4746-b6f9-c7b260a59c54","","Alex","Alex Wilber","AlexW@lxmk.onmicrosoft.com","Member","TRUE","","68abcda9-e4c2-4b8b-90fe-a0a287d990ef","",""
"Power_Pages_vTrial_for_Makers;FLOW_FREE;DEVELOPERPACK_E5;CCIBOTS_PRIVPREV_VIRAL;","PoweApps Free","d702d055-a189-4746-b6f9-c7b260a59c54","","Diego","Diego Siciliani","DiegoS@lxmk.onmicrosoft.com","Member","TRUE","","d7160946-c62e-40d3-badd-b8f5988b96e0","",""
"Power_Pages_vTrial_for_Makers;FLOW_FREE;DEVELOPERPACK_E5;CCIBOTS_PRIVPREV_VIRAL;","PoweApps Free","d702d055-a189-4746-b6f9-c7b260a59c54","","Henrietta","Henrietta Mueller","HenriettaM@lxmk.onmicrosoft.com","Member","TRUE","","25553764-d2c1-46d8-ae33-1cd4297dc06c","",""
"Power_Pages_vTrial_for_Makers;FLOW_FREE;DEVELOPERPACK_E5;CCIBOTS_PRIVPREV_VIRAL;","PoweApps Free","d702d055-a189-4746-b6f9-c7b260a59c54","",,"Christopher Wall","wallandall_hotmail.com#EXT#@lxmk.onmicrosoft.com","Member","TRUE","","aae32670-c77a-4eb3-8752-a765893e60ff","",""
"Power_Pages_vTrial_for_Makers;FLOW_FREE;DEVELOPERPACK_E5;CCIBOTS_PRIVPREV_VIRAL;","PoweApps Free","d702d055-a189-4746-b6f9-c7b260a59c54","","Amar","Amar Ambavaram","a.ambavaram-adm@lxmk.onmicrosoft.com","Member","TRUE","","a9956c42-1bff-4cca-bcfe-e1cc42c6f2b6","",""
