"ObjectId","UserPrincipalName","AssignedDirectly","AssignedFromGroup","SKU"
"a9956c42-1bff-4cca-bcfe-e1cc42c6f2b6","a.ambavaram-adm@lxmk.onmicrosoft.com","False","True","FLOW_FREE"
"a9956c42-1bff-4cca-bcfe-e1cc42c6f2b6","a.ambavaram-adm@lxmk.onmicrosoft.com","False","True","DEVELOPERPACK_E5"
"a9956c42-1bff-4cca-bcfe-e1cc42c6f2b6","a.ambavaram-adm@lxmk.onmicrosoft.com","False","True","CCIBOTS_PRIVPREV_VIRAL"
"a9956c42-1bff-4cca-bcfe-e1cc42c6f2b6","a.ambavaram-adm@lxmk.onmicrosoft.com","False","True","Power_Pages_vTrial_for_Makers"
"a9956c42-1bff-4cca-bcfe-e1cc42c6f2b6","a.ambavaram-adm@lxmk.onmicrosoft.com","True","False","FLOW_FREE"
"a9956c42-1bff-4cca-bcfe-e1cc42c6f2b6","a.ambavaram-adm@lxmk.onmicrosoft.com","True","False","DEVELOPERPACK_E5"
"dfcdd32f-ee8d-486c-8c15-24f7d878a8ea","AdeleV@lxmk.onmicrosoft.com","False","True","DEVELOPERPACK_E5"
"dfcdd32f-ee8d-486c-8c15-24f7d878a8ea","AdeleV@lxmk.onmicrosoft.com","False","True","FLOW_FREE"
"dfcdd32f-ee8d-486c-8c15-24f7d878a8ea","AdeleV@lxmk.onmicrosoft.com","False","True","DEVELOPERPACK_E5"
"dfcdd32f-ee8d-486c-8c15-24f7d878a8ea","AdeleV@lxmk.onmicrosoft.com","False","True","CCIBOTS_PRIVPREV_VIRAL"
"dfcdd32f-ee8d-486c-8c15-24f7d878a8ea","AdeleV@lxmk.onmicrosoft.com","False","True","Power_Pages_vTrial_for_Makers"
"dfcdd32f-ee8d-486c-8c15-24f7d878a8ea","AdeleV@lxmk.onmicrosoft.com","True","False","FLOW_FREE"
"dfcdd32f-ee8d-486c-8c15-24f7d878a8ea","AdeleV@lxmk.onmicrosoft.com","False","True","DEVELOPERPACK_E5"
"6f0ca6e7-93b0-4ff1-9688-47ad4a06caad","alexandra.micheelsen_crayon.com#EXT#@lxmk.onmicrosoft.com",,,
"68abcda9-e4c2-4b8b-90fe-a0a287d990ef","AlexW@lxmk.onmicrosoft.com","False","True","FLOW_FREE"
"68abcda9-e4c2-4b8b-90fe-a0a287d990ef","AlexW@lxmk.onmicrosoft.com","False","True","DEVELOPERPACK_E5"
"68abcda9-e4c2-4b8b-90fe-a0a287d990ef","AlexW@lxmk.onmicrosoft.com","False","True","CCIBOTS_PRIVPREV_VIRAL"
"68abcda9-e4c2-4b8b-90fe-a0a287d990ef","AlexW@lxmk.onmicrosoft.com","False","True","Power_Pages_vTrial_for_Makers"
"c6351057-0d88-454e-abde-bdef47695180","c.wall-adm@lxmk.onmicrosoft.com","True","False","FLOW_FREE"
"c6351057-0d88-454e-abde-bdef47695180","c.wall-adm@lxmk.onmicrosoft.com","True","False","DEVELOPERPACK_E5"
"c6351057-0d88-454e-abde-bdef47695180","c.wall-adm@lxmk.onmicrosoft.com","True","False","CCIBOTS_PRIVPREV_VIRAL"
"c6351057-0d88-454e-abde-bdef47695180","c.wall-adm@lxmk.onmicrosoft.com","True","False","Power_Pages_vTrial_for_Makers"
"e391e31b-e9a3-4a51-9db4-c4c771555486","christophe.wall_crayon.com#EXT#@lxmk.onmicrosoft.com",,,
"aae32670-c77a-4eb3-8752-a765893e60ff","wallandall_hotmail.com#EXT#@lxmk.onmicrosoft.com","False","True","FLOW_FREE"
"aae32670-c77a-4eb3-8752-a765893e60ff","wallandall_hotmail.com#EXT#@lxmk.onmicrosoft.com","False","True","DEVELOPERPACK_E5"
"aae32670-c77a-4eb3-8752-a765893e60ff","wallandall_hotmail.com#EXT#@lxmk.onmicrosoft.com","False","True","CCIBOTS_PRIVPREV_VIRAL"
"aae32670-c77a-4eb3-8752-a765893e60ff","wallandall_hotmail.com#EXT#@lxmk.onmicrosoft.com","False","True","Power_Pages_vTrial_for_Makers"
"d7160946-c62e-40d3-badd-b8f5988b96e0","DiegoS@lxmk.onmicrosoft.com","False","True","FLOW_FREE"
"d7160946-c62e-40d3-badd-b8f5988b96e0","DiegoS@lxmk.onmicrosoft.com","False","True","DEVELOPERPACK_E5"
"d7160946-c62e-40d3-badd-b8f5988b96e0","DiegoS@lxmk.onmicrosoft.com","False","True","CCIBOTS_PRIVPREV_VIRAL"
"d7160946-c62e-40d3-badd-b8f5988b96e0","DiegoS@lxmk.onmicrosoft.com","False","True","Power_Pages_vTrial_for_Makers"
"d7160946-c62e-40d3-badd-b8f5988b96e0","DiegoS@lxmk.onmicrosoft.com","True","False","DEVELOPERPACK_E5"
"627cdaee-b8d5-4e80-a27b-dea10a745d84","GradyA@lxmk.onmicrosoft.com","False","True","FLOW_FREE"
"627cdaee-b8d5-4e80-a27b-dea10a745d84","GradyA@lxmk.onmicrosoft.com","False","True","DEVELOPERPACK_E5"
"627cdaee-b8d5-4e80-a27b-dea10a745d84","GradyA@lxmk.onmicrosoft.com","False","True","CCIBOTS_PRIVPREV_VIRAL"
"627cdaee-b8d5-4e80-a27b-dea10a745d84","GradyA@lxmk.onmicrosoft.com","False","True","Power_Pages_vTrial_for_Makers"
"627cdaee-b8d5-4e80-a27b-dea10a745d84","GradyA@lxmk.onmicrosoft.com","True","False","DEVELOPERPACK_E5"
"25553764-d2c1-46d8-ae33-1cd4297dc06c","HenriettaM@lxmk.onmicrosoft.com","False","True","FLOW_FREE"
"25553764-d2c1-46d8-ae33-1cd4297dc06c","HenriettaM@lxmk.onmicrosoft.com","False","True","DEVELOPERPACK_E5"
"25553764-d2c1-46d8-ae33-1cd4297dc06c","HenriettaM@lxmk.onmicrosoft.com","False","True","CCIBOTS_PRIVPREV_VIRAL"
"25553764-d2c1-46d8-ae33-1cd4297dc06c","HenriettaM@lxmk.onmicrosoft.com","False","True","Power_Pages_vTrial_for_Makers"
"25553764-d2c1-46d8-ae33-1cd4297dc06c","HenriettaM@lxmk.onmicrosoft.com","True","False","DEVELOPERPACK_E5"
"f14565a2-b278-40cc-b362-f31754fc791a","i.islamaj@lxmk.onmicrosoft.com","True","False","FLOW_FREE"
"f14565a2-b278-40cc-b362-f31754fc791a","i.islamaj@lxmk.onmicrosoft.com","True","False","DEVELOPERPACK_E5"
"49d1e09a-4525-459d-8571-c4e01f4313cd","idlirislamaj_lxcj.onmicrosoft.com#EXT#@lxmk.onmicrosoft.com",,,
"4ad9c5ec-c03e-4a28-b320-48f56c1b35f8","iDLIRsCalendar@lxmk.onmicrosoft.com",,,
"66a0f4fb-e351-474d-9e20-e4929bdf7ece","IsaiahL@lxmk.onmicrosoft.com","True","False","DEVELOPERPACK_E5"
"23daffca-0522-4bb6-99ec-b6e4ef40fbb5","j.kahl-adm@lxmk.onmicrosoft.com","True","False","DEVELOPERPACK_E5"
"048e608d-a37a-4e55-be06-8b0c19d820d2","JohannaL@lxmk.onmicrosoft.com",,,
"cf7e9fd1-bb6d-4220-9b89-a6e0e30ce760","JoniS@lxmk.onmicrosoft.com",,,
"f08e543e-11a0-47c0-8840-f56ec0ea27fa","LeeG@lxmk.onmicrosoft.com","True","False","FLOW_FREE"
"69fd344f-7415-4dea-9672-3a9653e7c4f7","LidiaH@lxmk.onmicrosoft.com","True","False","FLOW_FREE"
"69fd344f-7415-4dea-9672-3a9653e7c4f7","LidiaH@lxmk.onmicrosoft.com","True","False","DEVELOPERPACK_E5"
"0fe94e03-66c5-4486-a1ad-95cd37c174b9","LynneR@lxmk.onmicrosoft.com","True","False","DEVELOPERPACK_E5"
"2609daf1-eec7-49e7-89da-38224216bf78","magnus.hofshagen_crayon.com#EXT#@lxmk.onmicrosoft.com","True","False","FLOW_FREE"
"2609daf1-eec7-49e7-89da-38224216bf78","magnus.hofshagen_crayon.com#EXT#@lxmk.onmicrosoft.com","True","False","DEVELOPERPACK_E5"
"1e4e8fe3-a8d7-4c55-ae98-b104d13cf34f","MeganB@lxmk.onmicrosoft.com","True","False","DEVELOPERPACK_E5"
"5cbd82b5-1371-4ad1-b15b-28c41648d9d3","MiriamG@lxmk.onmicrosoft.com","True","False","DEVELOPERPACK_E5"
"3a6f6600-169c-4311-8521-26b649822d89","NestorW@lxmk.onmicrosoft.com","True","False","DEVELOPERPACK_E5"
"13dd25e5-eed4-413f-9adb-87b64f9b6d97","PattiF@lxmk.onmicrosoft.com",,,
"17d21852-0d4d-4235-8255-5a25492f4793","PradeepG@lxmk.onmicrosoft.com","True","False","DEVELOPERPACK_E5"
"02976fbf-912b-4485-bc8d-0f9af6257b2f","test-sharedmailbox1@lxmk.onmicrosoft.com",,,
"a0596cf0-edfc-4495-920b-13c05a7cf224","test-sharedmailbox2@lxmk.onmicrosoft.com",,,
"a6c742dc-cd9f-4647-894a-f3579ec223fe","test-user@lxmk.onmicrosoft.com","True","False","DEVELOPERPACK_E5"
"e395fe64-a16e-45ab-9d9e-91331af80553","test_no_license@lxmk.onmicrosoft.com",,,
