"SharedMailBox","IsLicensed","LitigationHoldEnabled","IssueWarningQuota","RecipientTypeDetails","Members"
"AdeleV@lxmk.onmicrosoft.com","True","False","98 GB (105,226,698,752 bytes)","UserMailbox",""
"AlexW@lxmk.onmicrosoft.com","True","False","98 GB (105,226,698,752 bytes)","UserMailbox",""
"a.ambavaram-adm@lxmk.onmicrosoft.com","True","False","98 GB (105,226,698,752 bytes)","UserMailbox",""
"c.wall-adm@lxmk.onmicrosoft.com","True","False","98 GB (105,226,698,752 bytes)","UserMailbox",""
"DiegoS@lxmk.onmicrosoft.com","True","False","98 GB (105,226,698,752 bytes)","UserMailbox",""
"GradyA@lxmk.onmicrosoft.com","True","False","98 GB (105,226,698,752 bytes)","UserMailbox",""
"HenriettaM@lxmk.onmicrosoft.com","True","False","98 GB (105,226,698,752 bytes)","UserMailbox",""
"i.islamaj@lxmk.onmicrosoft.com","True","False","98 GB (105,226,698,752 bytes)","UserMailbox",""
"iDLIRsCalendar@lxmk.onmicrosoft.com","False","False","49 GB (52,613,349,376 bytes)","SchedulingMailbox","i.islamaj@lxmk.onmicrosoft.com; "
"IsaiahL@lxmk.onmicrosoft.com","True","False","98 GB (105,226,698,752 bytes)","UserMailbox",""
"j.kahl-adm@lxmk.onmicrosoft.com","True","False","98 GB (105,226,698,752 bytes)","UserMailbox",""
"LidiaH@lxmk.onmicrosoft.com","True","False","98 GB (105,226,698,752 bytes)","UserMailbox",""
"LynneR@lxmk.onmicrosoft.com","True","False","98 GB (105,226,698,752 bytes)","UserMailbox",""
"MeganB@lxmk.onmicrosoft.com","True","False","98 GB (105,226,698,752 bytes)","UserMailbox",""
"MiriamG@lxmk.onmicrosoft.com","True","False","98 GB (105,226,698,752 bytes)","UserMailbox",""
"NestorW@lxmk.onmicrosoft.com","True","False","98 GB (105,226,698,752 bytes)","UserMailbox",""
"PradeepG@lxmk.onmicrosoft.com","True","False","98 GB (105,226,698,752 bytes)","UserMailbox",""
"test-user@lxmk.onmicrosoft.com","True","False","98 GB (105,226,698,752 bytes)","UserMailbox",""
"test-sharedmailbox1@lxmk.onmicrosoft.com","False","False","49 GB (52,613,349,376 bytes)","SharedMailbox","c.wall-adm@lxmk.onmicrosoft.com; "
"test-sharedmailbox2@lxmk.onmicrosoft.com","False","False","49 GB (52,613,349,376 bytes)","SharedMailbox","a.ambavaram-adm@lxmk.onmicrosoft.com; AdeleV@lxmk.onmicrosoft.com; DiegoS@lxmk.onmicrosoft.com; AlexW@lxmk.onmicrosoft.com; "
