"UPN","Last login","Resource Logged Into","Device Name","Operating System","Browser","IP Address","Country","City","State","isManaged","isCompliant","Status Details","Status Error","Failure Reason"
"a.ambavaram-adm@lxmk.onmicrosoft.com",,,,,,,,,,,,,,
"AdeleV@lxmk.onmicrosoft.com",,,,,,,,,,,,,,
"alexandra.micheelsen_crayon.com#EXT#@lxmk.onmicrosoft.com",,,,,,,,,,,,,,
"AlexW@lxmk.onmicrosoft.com",,,,,,,,,,,,,,
"c.wall-adm@lxmk.onmicrosoft.com","4/20/2023 12:15:19 PM","Microsoft Graph","DEMUCDKPPN53","Windows 10","Chrome 112.0.0","217.111.47.146","DE","Frankfurt Am Main","Hessen","False","False","MFA requirement satisfied by claim in the token","0","Other."
"christophe.wall_crayon.com#EXT#@lxmk.onmicrosoft.com",,,,,,,,,,,,,,
"wallandall_hotmail.com#EXT#@lxmk.onmicrosoft.com",,,,,,,,,,,,,,
"DiegoS@lxmk.onmicrosoft.com",,,,,,,,,,,,,,
"GradyA@lxmk.onmicrosoft.com",,,,,,,,,,,,,,
"HenriettaM@lxmk.onmicrosoft.com",,,,,,,,,,,,,,
"i.islamaj@lxmk.onmicrosoft.com","3/30/2023 9:58:33 AM","Microsoft Teams Services","","MacOs","Edge 111.0.1661","87.151.203.78","DE","Ringsee (Ingolstadt)","Bayern","False","False",,"0","Other."
"idlirislamaj_lxcj.onmicrosoft.com#EXT#@lxmk.onmicrosoft.com",,,,,,,,,,,,,,
"iDLIRsCalendar@lxmk.onmicrosoft.com",,,,,,,,,,,,,,
"IsaiahL@lxmk.onmicrosoft.com",,,,,,,,,,,,,,
"j.kahl-adm@lxmk.onmicrosoft.com",,,,,,,,,,,,,,
"JohannaL@lxmk.onmicrosoft.com",,,,,,,,,,,,,,
"JoniS@lxmk.onmicrosoft.com",,,,,,,,,,,,,,
"LeeG@lxmk.onmicrosoft.com",,,,,,,,,,,,,,
"LidiaH@lxmk.onmicrosoft.com",,,,,,,,,,,,,,
"LynneR@lxmk.onmicrosoft.com",,,,,,,,,,,,,,
"magnus.hofshagen_crayon.com#EXT#@lxmk.onmicrosoft.com",,,,,,,,,,,,,,
"MeganB@lxmk.onmicrosoft.com",,,,,,,,,,,,,,
"MiriamG@lxmk.onmicrosoft.com",,,,,,,,,,,,,,
"NestorW@lxmk.onmicrosoft.com",,,,,,,,,,,,,,
"PattiF@lxmk.onmicrosoft.com",,,,,,,,,,,,,,
"PradeepG@lxmk.onmicrosoft.com",,,,,,,,,,,,,,
"test-sharedmailbox1@lxmk.onmicrosoft.com",,,,,,,,,,,,,,
"test-sharedmailbox2@lxmk.onmicrosoft.com",,,,,,,,,,,,,,
"test-user@lxmk.onmicrosoft.com",,,,,,,,,,,,,,
"test_no_license@lxmk.onmicrosoft.com",,,,,,,,,,,,,,
